dataset,lang,scale,seed,classifier,best_feature_type,best_clf_params,val_f1,test_f1,n_train
sib200,hau,250,456,naive_bayes,char_3to5,{'alpha': 0.01},0.614502,0.614502,250
sib200,hau,500,1024,naive_bayes,char_3to5,{'alpha': 0.01},0.627511,0.627511,500
sib200,hau,500,456,naive_bayes,char_3to5,{'alpha': 0.01},0.626448,0.626448,500
sib200,hau,100,123,naive_bayes,char_3to5,{'alpha': 0.01},0.469899,0.469899,100
sib200,hau,250,789,naive_bayes,char_3to5,{'alpha': 0.01},0.543812,0.543812,250
sib200,hau,500,789,naive_bayes,char_3to5,{'alpha': 0.01},0.625572,0.625572,500
sib200,hau,500,42,naive_bayes,char_3to5,{'alpha': 0.01},0.607077,0.607077,500
sib200,hau,500,123,naive_bayes,char_3to5,{'alpha': 0.01},0.609659,0.609659,500
sib200,hau,full,42,naive_bayes,char_3to5,{'alpha': 0.01},0.66242,0.66242,701
sib200,hau,250,123,naive_bayes,char_3to5,{'alpha': 0.01},0.501954,0.501954,250
sib200,hau,250,42,naive_bayes,char_3to5,{'alpha': 0.01},0.478198,0.478198,250
sib200,hau,100,789,naive_bayes,char_3to5,{'alpha': 0.01},0.487866,0.487866,100
sib200,hau,100,456,naive_bayes,word_unigram,{'alpha': 0.01},0.398959,0.398959,100
sib200,hau,250,1024,naive_bayes,char_3to5,{'alpha': 0.01},0.607806,0.607806,250
sib200,hau,100,1024,naive_bayes,char_3to5,{'alpha': 0.01},0.466829,0.466829,100
sib200,hau,100,42,naive_bayes,char_3to5,{'alpha': 0.01},0.424425,0.424425,100
sib200,hau,500,123,svm,char_3to5,{'C': 1.0},0.604011,0.604011,500
sib200,hau,100,1024,svm,char_3to5,{'C': 1.0},0.5383,0.5383,100
sib200,hau,full,42,svm,char_3to5,{'C': 1.0},0.710164,0.710164,701
sib200,hau,250,456,svm,char_3to5,{'C': 100.0},0.569808,0.569808,250
sib200,hau,250,123,svm,char_3to5,{'C': 100.0},0.517867,0.517867,250
sib200,hau,250,42,svm,char_3to5,{'C': 1.0},0.586236,0.586236,250
sib200,hau,500,1024,svm,char_3to5,{'C': 10.0},0.678049,0.678049,500
sib200,hau,100,123,svm,char_3to5,{'C': 10.0},0.503813,0.503813,100
sib200,hau,500,42,svm,char_3to5,{'C': 10.0},0.695891,0.695891,500
sib200,hau,250,1024,svm,char_3to5,{'C': 1.0},0.586732,0.586732,250
sib200,hau,500,789,svm,char_3to5,{'C': 10.0},0.668962,0.668962,500
sib200,hau,500,456,svm,char_3to5,{'C': 100.0},0.693664,0.693664,500
sib200,hau,250,789,svm,char_3to5,{'C': 100.0},0.553705,0.553705,250
sib200,hau,100,42,svm,char_3to5,{'C': 100.0},0.456349,0.456349,100
sib200,hau,100,789,svm,char_3to5,{'C': 10.0},0.455403,0.455403,100
sib200,hau,100,456,svm,char_3to5,{'C': 10.0},0.422975,0.422975,100
sib200,hau,full,42,xgboost,char_3to5,{'n_estimators': 200},0.574698,0.574698,701
sib200,hau,500,456,xgboost,char_3to5,{'n_estimators': 100},0.500502,0.500502,500
sib200,hau,500,789,xgboost,word_unigram,{'n_estimators': 100},0.505712,0.505712,500
sib200,hau,500,1024,xgboost,char_3to5,{'n_estimators': 100},0.552452,0.552452,500
sib200,hau,500,42,xgboost,char_3to5,{'n_estimators': 300},0.601446,0.601446,500
sib200,hau,500,123,xgboost,char_3to5,{'n_estimators': 100},0.527557,0.527557,500
sib200,hau,250,42,xgboost,char_3to5,{'n_estimators': 100},0.51003,0.51003,250
sib200,hau,250,1024,xgboost,char_3to5,{'n_estimators': 100},0.463366,0.463366,250
sib200,hau,250,123,xgboost,char_3to5,{'n_estimators': 100},0.43415,0.43415,250
sib200,hau,250,456,xgboost,char_3to5,{'n_estimators': 100},0.404647,0.404647,250
sib200,hau,250,789,xgboost,char_3to5,{'n_estimators': 100},0.425676,0.425676,250
sib200,hau,100,123,xgboost,char_3to5,{'n_estimators': 300},0.325946,0.325946,100
sib200,hau,100,42,xgboost,char_3to5,{'n_estimators': 200},0.335083,0.335083,100
sib200,hau,100,789,xgboost,char_3to5,{'n_estimators': 300},0.279157,0.279157,100
sib200,hau,100,456,xgboost,char_3to5,{'n_estimators': 500},0.32082,0.32082,100
sib200,hau,100,1024,xgboost,word_unigram,{'n_estimators': 200},0.284663,0.284663,100
sib200,ibo,100,456,naive_bayes,char_3to5,{'alpha': 0.01},0.49991,0.49991,100
sib200,ibo,full,42,naive_bayes,word_bigram,{'alpha': 0.01},0.732147,0.732147,701
sib200,ibo,500,123,naive_bayes,char_3to5,{'alpha': 0.01},0.67582,0.67582,500
sib200,ibo,500,456,naive_bayes,word_bigram,{'alpha': 0.01},0.7036,0.7036,500
sib200,ibo,250,456,naive_bayes,word_unigram,{'alpha': 0.1},0.580186,0.580186,250
sib200,ibo,100,123,naive_bayes,char_3to5,{'alpha': 0.01},0.52471,0.52471,100
sib200,ibo,500,789,naive_bayes,word_unigram,{'alpha': 0.01},0.683821,0.683821,500
sib200,ibo,100,1024,naive_bayes,char_3to5,{'alpha': 0.01},0.562473,0.562473,100
sib200,ibo,100,42,naive_bayes,char_3to5,{'alpha': 0.01},0.556552,0.556552,100
sib200,ibo,250,123,naive_bayes,char_3to5,{'alpha': 0.01},0.62013,0.62013,250
sib200,ibo,500,1024,naive_bayes,word_bigram,{'alpha': 0.01},0.692654,0.692654,500
sib200,ibo,250,1024,naive_bayes,char_3to5,{'alpha': 0.01},0.578279,0.578279,250
sib200,ibo,250,42,naive_bayes,word_unigram,{'alpha': 0.01},0.632849,0.632849,250
sib200,ibo,250,789,naive_bayes,char_3to5,{'alpha': 0.01},0.545725,0.545725,250
sib200,ibo,500,42,naive_bayes,word_unigram,{'alpha': 0.1},0.695514,0.695514,500
sib200,ibo,100,789,naive_bayes,word_unigram,{'alpha': 0.1},0.491459,0.491459,100
sib200,ibo,100,1024,svm,word_bigram,{'C': 10.0},0.595033,0.595033,100
sib200,ibo,500,456,svm,word_bigram,{'C': 1.0},0.719224,0.719224,500
sib200,ibo,500,123,svm,char_3to5,{'C': 1.0},0.710555,0.710555,500
sib200,ibo,250,789,svm,word_bigram,{'C': 10.0},0.639387,0.639387,250
sib200,ibo,250,123,svm,char_3to5,{'C': 100.0},0.716062,0.716062,250
sib200,ibo,250,1024,svm,word_bigram,{'C': 10.0},0.68316,0.68316,250
sib200,ibo,250,42,svm,char_3to5,{'C': 100.0},0.693718,0.693718,250
sib200,ibo,500,1024,svm,word_bigram,{'C': 10.0},0.740934,0.740934,500
sib200,ibo,100,123,svm,char_3to5,{'C': 1.0},0.568252,0.568252,100
sib200,ibo,full,42,svm,word_bigram,{'C': 100.0},0.750242,0.750242,701
sib200,ibo,100,456,svm,char_3to5,{'C': 100.0},0.544107,0.544107,100
sib200,ibo,100,789,svm,word_unigram,{'C': 1.0},0.523392,0.523392,100
sib200,ibo,500,789,svm,word_bigram,{'C': 10.0},0.6976,0.6976,500
sib200,ibo,500,42,svm,word_unigram,{'C': 10.0},0.688185,0.688185,500
sib200,ibo,100,42,svm,char_3to5,{'C': 10.0},0.545973,0.545973,100
sib200,ibo,250,456,svm,word_unigram,{'C': 10.0},0.608561,0.608561,250
sib200,ibo,full,42,xgboost,char_3to5,{'n_estimators': 200},0.609156,0.609156,701
sib200,ibo,500,123,xgboost,word_unigram,{'n_estimators': 100},0.540061,0.540061,500
sib200,ibo,500,1024,xgboost,char_3to5,{'n_estimators': 100},0.5835,0.5835,500
sib200,ibo,500,789,xgboost,char_3to5,{'n_estimators': 100},0.542864,0.542864,500
sib200,ibo,500,456,xgboost,char_3to5,{'n_estimators': 300},0.558732,0.558732,500
sib200,ibo,500,42,xgboost,char_3to5,{'n_estimators': 100},0.580289,0.580289,500
sib200,ibo,250,1024,xgboost,char_3to5,{'n_estimators': 300},0.563014,0.563014,250
sib200,ibo,250,789,xgboost,char_3to5,{'n_estimators': 100},0.487435,0.487435,250
sib200,ibo,250,456,xgboost,char_3to5,{'n_estimators': 100},0.513583,0.513583,250
sib200,ibo,250,42,xgboost,word_unigram,{'n_estimators': 100},0.47796,0.47796,250
sib200,ibo,250,123,xgboost,char_3to5,{'n_estimators': 100},0.496902,0.496902,250
sib200,ibo,100,789,xgboost,word_bigram,{'n_estimators': 100},0.406438,0.406438,100
sib200,ibo,100,42,xgboost,char_3to5,{'n_estimators': 200},0.363036,0.363036,100
sib200,ibo,100,123,xgboost,char_3to5,{'n_estimators': 500},0.3606,0.3606,100
sib200,ibo,100,456,xgboost,char_3to5,{'n_estimators': 100},0.367582,0.367582,100
sib200,ibo,100,1024,xgboost,word_unigram,{'n_estimators': 200},0.420902,0.420902,100
sib200,lug,100,123,naive_bayes,char_3to5,{'alpha': 0.01},0.441902,0.441902,100
sib200,lug,250,456,naive_bayes,char_3to5,{'alpha': 0.01},0.490709,0.490709,250
sib200,lug,500,456,naive_bayes,char_3to5,{'alpha': 0.01},0.705228,0.705228,500
sib200,lug,500,42,naive_bayes,char_3to5,{'alpha': 0.01},0.775099,0.775099,500
sib200,lug,500,789,naive_bayes,char_3to5,{'alpha': 0.01},0.763034,0.763034,500
sib200,lug,250,1024,naive_bayes,char_3to5,{'alpha': 0.01},0.578128,0.578128,250
sib200,lug,full,42,naive_bayes,char_3to5,{'alpha': 0.01},0.760858,0.760858,701
sib200,lug,250,42,naive_bayes,char_3to5,{'alpha': 0.01},0.630734,0.630734,250
sib200,lug,500,1024,naive_bayes,char_3to5,{'alpha': 0.01},0.694962,0.694962,500
sib200,lug,500,123,naive_bayes,char_3to5,{'alpha': 0.01},0.677961,0.677961,500
sib200,lug,100,789,naive_bayes,char_3to5,{'alpha': 0.01},0.368148,0.368148,100
sib200,lug,100,1024,naive_bayes,char_3to5,{'alpha': 0.01},0.494771,0.494771,100
sib200,lug,250,123,naive_bayes,char_3to5,{'alpha': 0.01},0.513969,0.513969,250
sib200,lug,100,42,naive_bayes,char_3to5,{'alpha': 0.01},0.483647,0.483647,100
sib200,lug,100,456,naive_bayes,char_3to5,{'alpha': 0.01},0.478503,0.478503,100
sib200,lug,250,789,naive_bayes,char_3to5,{'alpha': 0.01},0.567123,0.567123,250
sib200,lug,100,1024,svm,char_3to5,{'C': 10.0},0.440936,0.440936,100
sib200,lug,500,456,svm,char_3to5,{'C': 100.0},0.650316,0.650316,500
sib200,lug,250,42,svm,char_3to5,{'C': 100.0},0.575111,0.575111,250
sib200,lug,250,789,svm,char_3to5,{'C': 100.0},0.55652,0.55652,250
sib200,lug,100,789,svm,char_3to5,{'C': 100.0},0.358529,0.358529,100
sib200,lug,250,1024,svm,char_3to5,{'C': 100.0},0.568981,0.568981,250
sib200,lug,100,456,svm,char_3to5,{'C': 1.0},0.465158,0.465158,100
sib200,lug,100,42,svm,char_3to5,{'C': 10.0},0.455096,0.455096,100
sib200,lug,full,42,svm,char_3to5,{'C': 100.0},0.711126,0.711126,701
sib200,lug,500,1024,svm,char_3to5,{'C': 10.0},0.616137,0.616137,500
sib200,lug,500,42,svm,char_3to5,{'C': 100.0},0.681058,0.681058,500
sib200,lug,250,123,svm,char_3to5,{'C': 10.0},0.57014,0.57014,250
sib200,lug,500,123,svm,char_3to5,{'C': 10.0},0.650466,0.650466,500
sib200,lug,250,456,svm,char_3to5,{'C': 1.0},0.522688,0.522688,250
sib200,lug,500,789,svm,char_3to5,{'C': 100.0},0.633189,0.633189,500
sib200,lug,100,123,svm,char_3to5,{'C': 10.0},0.444754,0.444754,100
sib200,lug,full,42,xgboost,char_3to5,{'n_estimators': 200},0.518518,0.518518,701
sib200,lug,500,1024,xgboost,char_3to5,{'n_estimators': 500},0.51559,0.51559,500
sib200,lug,500,789,xgboost,char_3to5,{'n_estimators': 200},0.446625,0.446625,500
sib200,lug,500,42,xgboost,char_3to5,{'n_estimators': 200},0.492437,0.492437,500
sib200,lug,500,456,xgboost,char_3to5,{'n_estimators': 300},0.480167,0.480167,500
sib200,lug,500,123,xgboost,char_3to5,{'n_estimators': 500},0.484757,0.484757,500
sib200,lug,250,789,xgboost,char_3to5,{'n_estimators': 300},0.371186,0.371186,250
sib200,lug,100,42,xgboost,char_3to5,{'n_estimators': 100},0.329091,0.329091,100
sib200,lug,250,1024,xgboost,char_3to5,{'n_estimators': 100},0.462168,0.462168,250
sib200,lug,250,456,xgboost,char_3to5,{'n_estimators': 500},0.423073,0.423073,250
sib200,lug,250,123,xgboost,char_3to5,{'n_estimators': 200},0.44672,0.44672,250
sib200,lug,250,42,xgboost,char_3to5,{'n_estimators': 100},0.435636,0.435636,250
sib200,lug,100,1024,xgboost,char_3to5,{'n_estimators': 100},0.309874,0.309874,100
sib200,lug,100,123,xgboost,char_3to5,{'n_estimators': 100},0.280709,0.280709,100
sib200,lug,100,789,xgboost,char_3to5,{'n_estimators': 100},0.25736,0.25736,100
sib200,lug,100,456,xgboost,char_3to5,{'n_estimators': 100},0.357262,0.357262,100
sib200,gaz,100,42,naive_bayes,char_3to5,{'alpha': 0.01},0.398321,0.398321,100
sib200,gaz,250,456,naive_bayes,char_3to5,{'alpha': 0.01},0.513877,0.513877,250
sib200,gaz,250,42,naive_bayes,char_3to5,{'alpha': 0.01},0.526718,0.526718,250
sib200,gaz,500,42,naive_bayes,char_3to5,{'alpha': 0.01},0.627148,0.627148,500
sib200,gaz,100,123,naive_bayes,char_3to5,{'alpha': 0.01},0.396303,0.396303,100
sib200,gaz,500,456,naive_bayes,char_3to5,{'alpha': 0.01},0.599622,0.599622,500
sib200,gaz,250,789,naive_bayes,char_3to5,{'alpha': 0.01},0.48265,0.48265,250
sib200,gaz,full,42,naive_bayes,char_3to5,{'alpha': 0.01},0.633683,0.633683,701
sib200,gaz,500,123,naive_bayes,char_3to5,{'alpha': 0.01},0.59565,0.59565,500
sib200,gaz,100,1024,naive_bayes,char_3to5,{'alpha': 0.01},0.360858,0.360858,100
sib200,gaz,250,1024,naive_bayes,char_3to5,{'alpha': 0.01},0.524576,0.524576,250
sib200,gaz,500,789,naive_bayes,char_3to5,{'alpha': 0.01},0.651365,0.651365,500
sib200,gaz,250,123,naive_bayes,char_3to5,{'alpha': 0.01},0.468023,0.468023,250
sib200,gaz,100,789,naive_bayes,char_3to5,{'alpha': 0.01},0.395012,0.395012,100
sib200,gaz,100,456,naive_bayes,char_3to5,{'alpha': 0.01},0.385983,0.385983,100
sib200,gaz,500,1024,naive_bayes,char_3to5,{'alpha': 0.01},0.642665,0.642665,500
sib200,gaz,250,456,svm,char_3to5,{'C': 10.0},0.481258,0.481258,250
sib200,gaz,full,42,svm,char_3to5,{'C': 1.0},0.627821,0.627821,701
sib200,gaz,500,1024,svm,char_3to5,{'C': 1.0},0.618758,0.618758,500
sib200,gaz,500,789,svm,char_3to5,{'C': 10.0},0.605255,0.605255,500
sib200,gaz,100,1024,svm,char_3to5,{'C': 10.0},0.407015,0.407015,100
sib200,gaz,500,456,svm,char_3to5,{'C': 100.0},0.574874,0.574874,500
sib200,gaz,500,123,svm,char_3to5,{'C': 10.0},0.544359,0.544359,500
sib200,gaz,500,42,svm,char_3to5,{'C': 1.0},0.602295,0.602295,500
sib200,gaz,250,42,svm,char_3to5,{'C': 100.0},0.547771,0.547771,250
sib200,gaz,250,1024,svm,char_3to5,{'C': 1.0},0.560356,0.560356,250
sib200,gaz,250,123,svm,char_3to5,{'C': 10.0},0.538466,0.538466,250
sib200,gaz,250,789,svm,char_3to5,{'C': 10.0},0.473026,0.473026,250
sib200,gaz,100,789,svm,char_3to5,{'C': 10.0},0.390802,0.390802,100
sib200,gaz,100,123,svm,char_3to5,{'C': 10.0},0.48799,0.48799,100
sib200,gaz,100,42,svm,char_3to5,{'C': 100.0},0.402467,0.402467,100
sib200,gaz,100,456,svm,char_3to5,{'C': 10.0},0.439068,0.439068,100
sib200,gaz,full,42,xgboost,char_3to5,{'n_estimators': 200},0.503127,0.503127,701
sib200,gaz,500,789,xgboost,char_3to5,{'n_estimators': 300},0.487138,0.487138,500
sib200,gaz,500,1024,xgboost,char_3to5,{'n_estimators': 100},0.48766,0.48766,500
sib200,gaz,500,456,xgboost,char_3to5,{'n_estimators': 100},0.403587,0.403587,500
sib200,gaz,500,42,xgboost,char_3to5,{'n_estimators': 100},0.468493,0.468493,500
sib200,gaz,500,123,xgboost,char_3to5,{'n_estimators': 200},0.449076,0.449076,500
sib200,gaz,250,1024,xgboost,char_3to5,{'n_estimators': 100},0.367863,0.367863,250
sib200,gaz,250,123,xgboost,char_3to5,{'n_estimators': 100},0.287079,0.287079,250
sib200,gaz,250,456,xgboost,char_3to5,{'n_estimators': 500},0.40483,0.40483,250
sib200,gaz,250,789,xgboost,char_3to5,{'n_estimators': 300},0.433797,0.433797,250
sib200,gaz,250,42,xgboost,char_3to5,{'n_estimators': 100},0.400687,0.400687,250
sib200,gaz,100,789,xgboost,char_3to5,{'n_estimators': 200},0.329705,0.329705,100
sib200,gaz,100,123,xgboost,char_3to5,{'n_estimators': 500},0.249719,0.249719,100
sib200,gaz,100,42,xgboost,char_3to5,{'n_estimators': 300},0.238402,0.238402,100
sib200,gaz,100,456,xgboost,char_3to5,{'n_estimators': 100},0.322242,0.322242,100
sib200,gaz,100,1024,xgboost,char_3to5,{'n_estimators': 300},0.321283,0.321283,100
sib200,run,100,123,naive_bayes,char_3to5,{'alpha': 0.01},0.429912,0.429912,100
sib200,run,500,1024,naive_bayes,char_3to5,{'alpha': 0.01},0.682142,0.682142,500
sib200,run,full,42,naive_bayes,char_3to5,{'alpha': 0.01},0.756651,0.756651,701
sib200,run,500,42,naive_bayes,char_3to5,{'alpha': 0.01},0.746922,0.746922,500
sib200,run,500,123,naive_bayes,char_3to5,{'alpha': 0.01},0.727384,0.727384,500
sib200,run,100,789,naive_bayes,char_3to5,{'alpha': 0.01},0.437601,0.437601,100
sib200,run,250,42,naive_bayes,char_3to5,{'alpha': 0.01},0.585095,0.585095,250
sib200,run,250,1024,naive_bayes,char_3to5,{'alpha': 0.01},0.607354,0.607354,250
sib200,run,500,789,naive_bayes,char_3to5,{'alpha': 0.01},0.678697,0.678697,500
sib200,run,250,123,naive_bayes,char_3to5,{'alpha': 0.01},0.574448,0.574448,250
sib200,run,100,42,naive_bayes,char_3to5,{'alpha': 0.01},0.459632,0.459632,100
sib200,run,500,456,naive_bayes,char_3to5,{'alpha': 0.01},0.698231,0.698231,500
sib200,run,250,456,naive_bayes,char_3to5,{'alpha': 0.01},0.557255,0.557255,250
sib200,run,100,456,naive_bayes,char_3to5,{'alpha': 0.01},0.472966,0.472966,100
sib200,run,100,1024,naive_bayes,char_3to5,{'alpha': 0.01},0.482385,0.482385,100
sib200,run,250,789,naive_bayes,char_3to5,{'alpha': 0.01},0.572565,0.572565,250
sib200,run,full,42,svm,char_3to5,{'C': 10.0},0.716378,0.716378,701
sib200,run,250,789,svm,char_3to5,{'C': 10.0},0.556818,0.556818,250
sib200,run,500,1024,svm,char_3to5,{'C': 10.0},0.700702,0.700702,500
sib200,run,500,789,svm,char_3to5,{'C': 100.0},0.691796,0.691796,500
sib200,run,250,1024,svm,char_3to5,{'C': 10.0},0.641328,0.641328,250
sib200,run,250,456,svm,char_3to5,{'C': 100.0},0.581246,0.581246,250
sib200,run,500,456,svm,char_3to5,{'C': 1.0},0.663476,0.663476,500
sib200,run,250,123,svm,char_3to5,{'C': 100.0},0.55974,0.55974,250
sib200,run,500,123,svm,char_3to5,{'C': 100.0},0.694615,0.694615,500
sib200,run,250,42,svm,char_3to5,{'C': 10.0},0.651596,0.651596,250
sib200,run,500,42,svm,char_3to5,{'C': 10.0},0.662442,0.662442,500
sib200,run,100,789,svm,char_3to5,{'C': 10.0},0.406091,0.406091,100
sib200,run,100,456,svm,char_3to5,{'C': 1.0},0.449541,0.449541,100
sib200,run,100,1024,svm,char_3to5,{'C': 10.0},0.506085,0.506085,100
sib200,run,100,123,svm,char_3to5,{'C': 10.0},0.446322,0.446322,100
sib200,run,100,42,svm,char_3to5,{'C': 100.0},0.428294,0.428294,100
sib200,run,full,42,xgboost,char_3to5,{'n_estimators': 300},0.652201,0.652201,701
sib200,run,500,123,xgboost,char_3to5,{'n_estimators': 100},0.587954,0.587954,500
sib200,run,500,789,xgboost,char_3to5,{'n_estimators': 200},0.529551,0.529551,500
sib200,run,500,42,xgboost,char_3to5,{'n_estimators': 100},0.576296,0.576296,500
sib200,run,500,456,xgboost,char_3to5,{'n_estimators': 200},0.548417,0.548417,500
sib200,run,500,1024,xgboost,char_3to5,{'n_estimators': 100},0.56948,0.56948,500
sib200,run,250,789,xgboost,char_3to5,{'n_estimators': 100},0.385814,0.385814,250
sib200,run,250,1024,xgboost,char_3to5,{'n_estimators': 200},0.455749,0.455749,250
sib200,run,250,42,xgboost,char_3to5,{'n_estimators': 100},0.420064,0.420064,250
sib200,run,250,456,xgboost,char_3to5,{'n_estimators': 500},0.46515,0.46515,250
sib200,run,250,123,xgboost,char_3to5,{'n_estimators': 500},0.364602,0.364602,250
sib200,run,100,789,xgboost,char_3to5,{'n_estimators': 200},0.264154,0.264154,100
sib200,run,100,123,xgboost,char_3to5,{'n_estimators': 500},0.264625,0.264625,100
sib200,run,100,42,xgboost,char_3to5,{'n_estimators': 500},0.304071,0.304071,100
sib200,run,100,1024,xgboost,char_3to5,{'n_estimators': 500},0.348995,0.348995,100
sib200,run,100,456,xgboost,char_3to5,{'n_estimators': 100},0.36174,0.36174,100
sib200,sna,100,789,naive_bayes,char_3to5,{'alpha': 0.01},0.42243,0.42243,100
sib200,sna,250,789,naive_bayes,char_3to5,{'alpha': 0.01},0.55215,0.55215,250
sib200,sna,100,123,naive_bayes,char_3to5,{'alpha': 0.01},0.527293,0.527293,100
sib200,sna,250,123,naive_bayes,char_3to5,{'alpha': 0.01},0.527335,0.527335,250
sib200,sna,full,42,naive_bayes,char_3to5,{'alpha': 0.01},0.708406,0.708406,701
sib200,sna,250,456,naive_bayes,char_3to5,{'alpha': 0.01},0.54204,0.54204,250
sib200,sna,500,1024,naive_bayes,char_3to5,{'alpha': 0.01},0.675557,0.675557,500
sib200,sna,500,123,naive_bayes,char_3to5,{'alpha': 0.01},0.635544,0.635544,500
sib200,sna,500,42,naive_bayes,char_3to5,{'alpha': 0.01},0.708895,0.708895,500
sib200,sna,500,789,naive_bayes,char_3to5,{'alpha': 0.01},0.664724,0.664724,500
sib200,sna,100,456,naive_bayes,char_3to5,{'alpha': 0.01},0.446391,0.446391,100
sib200,sna,100,42,naive_bayes,char_3to5,{'alpha': 0.01},0.519467,0.519467,100
sib200,sna,500,456,naive_bayes,char_3to5,{'alpha': 0.01},0.67372,0.67372,500
sib200,sna,250,42,naive_bayes,char_3to5,{'alpha': 0.01},0.620329,0.620329,250
sib200,sna,250,1024,naive_bayes,char_3to5,{'alpha': 0.01},0.651378,0.651378,250
sib200,sna,100,1024,naive_bayes,char_3to5,{'alpha': 0.01},0.539299,0.539299,100
sib200,sna,500,789,svm,char_3to5,{'C': 10.0},0.628033,0.628033,500
sib200,sna,full,42,svm,char_3to5,{'C': 100.0},0.717104,0.717104,701
sib200,sna,500,1024,svm,char_3to5,{'C': 1.0},0.654931,0.654931,500
sib200,sna,250,789,svm,char_3to5,{'C': 100.0},0.553651,0.553651,250
sib200,sna,500,42,svm,char_3to5,{'C': 1.0},0.642969,0.642969,500
sib200,sna,500,123,svm,char_3to5,{'C': 100.0},0.602397,0.602397,500
sib200,sna,250,123,svm,char_3to5,{'C': 10.0},0.536909,0.536909,250
sib200,sna,500,456,svm,char_3to5,{'C': 10.0},0.683154,0.683154,500
sib200,sna,250,456,svm,char_3to5,{'C': 1.0},0.599365,0.599365,250
sib200,sna,250,42,svm,char_3to5,{'C': 1.0},0.557723,0.557723,250
sib200,sna,250,1024,svm,char_3to5,{'C': 10.0},0.629766,0.629766,250
sib200,sna,100,456,svm,char_3to5,{'C': 1.0},0.515066,0.515066,100
sib200,sna,100,42,svm,char_3to5,{'C': 10.0},0.547354,0.547354,100
sib200,sna,100,1024,svm,char_3to5,{'C': 1.0},0.455523,0.455523,100
sib200,sna,100,789,svm,char_3to5,{'C': 100.0},0.3607,0.3607,100
sib200,sna,100,123,svm,char_3to5,{'C': 10.0},0.518149,0.518149,100
sib200,sna,full,42,xgboost,char_3to5,{'n_estimators': 100},0.543709,0.543709,701
sib200,sna,500,1024,xgboost,char_3to5,{'n_estimators': 500},0.588441,0.588441,500
sib200,sna,500,789,xgboost,char_3to5,{'n_estimators': 500},0.538188,0.538188,500
sib200,sna,500,456,xgboost,char_3to5,{'n_estimators': 300},0.507448,0.507448,500
sib200,sna,500,42,xgboost,char_3to5,{'n_estimators': 100},0.529195,0.529195,500
sib200,sna,500,123,xgboost,char_3to5,{'n_estimators': 100},0.523108,0.523108,500
sib200,sna,250,1024,xgboost,char_3to5,{'n_estimators': 200},0.433327,0.433327,250
sib200,sna,250,123,xgboost,char_3to5,{'n_estimators': 100},0.454708,0.454708,250
sib200,sna,250,456,xgboost,char_3to5,{'n_estimators': 100},0.423904,0.423904,250
sib200,sna,250,789,xgboost,char_3to5,{'n_estimators': 100},0.42947,0.42947,250
sib200,sna,250,42,xgboost,char_3to5,{'n_estimators': 100},0.465535,0.465535,250
sib200,sna,100,42,xgboost,char_3to5,{'n_estimators': 300},0.328395,0.328395,100
sib200,sna,100,456,xgboost,char_3to5,{'n_estimators': 500},0.36595,0.36595,100
sib200,sna,100,123,xgboost,char_3to5,{'n_estimators': 100},0.32902,0.32902,100
sib200,sna,100,789,xgboost,char_3to5,{'n_estimators': 100},0.276829,0.276829,100
sib200,sna,100,1024,xgboost,char_3to5,{'n_estimators': 300},0.356061,0.356061,100
sib200,swh,250,789,naive_bayes,char_3to5,{'alpha': 0.01},0.557716,0.557716,250
sib200,swh,500,42,naive_bayes,char_3to5,{'alpha': 0.01},0.735216,0.735216,500
sib200,swh,full,42,naive_bayes,word_bigram,{'alpha': 0.01},0.794704,0.794704,701
sib200,swh,500,1024,naive_bayes,char_3to5,{'alpha': 0.01},0.738338,0.738338,500
sib200,swh,500,789,naive_bayes,char_3to5,{'alpha': 0.01},0.74807,0.74807,500
sib200,swh,250,1024,naive_bayes,word_bigram,{'alpha': 0.1},0.614969,0.614969,250
sib200,swh,500,123,naive_bayes,char_3to5,{'alpha': 0.01},0.708198,0.708198,500
sib200,swh,500,456,naive_bayes,char_3to5,{'alpha': 0.01},0.780014,0.780014,500
sib200,swh,250,456,naive_bayes,word_bigram,{'alpha': 0.01},0.61202,0.61202,250
sib200,swh,250,123,naive_bayes,char_3to5,{'alpha': 0.01},0.582625,0.582625,250
sib200,swh,100,789,naive_bayes,char_3to5,{'alpha': 0.01},0.454064,0.454064,100
sib200,swh,250,42,naive_bayes,word_bigram,{'alpha': 0.01},0.531756,0.531756,250
sib200,swh,100,1024,naive_bayes,char_3to5,{'alpha': 0.01},0.463991,0.463991,100
sib200,swh,100,123,naive_bayes,word_unigram,{'alpha': 0.01},0.556982,0.556982,100
sib200,swh,100,456,naive_bayes,char_3to5,{'alpha': 0.01},0.48517,0.48517,100
sib200,swh,100,42,naive_bayes,char_3to5,{'alpha': 0.01},0.547387,0.547387,100
sib200,swh,full,42,svm,char_3to5,{'C': 1.0},0.765521,0.765521,701
sib200,swh,500,42,svm,word_bigram,{'C': 10.0},0.729269,0.729269,500
sib200,swh,100,1024,svm,word_unigram,{'C': 10.0},0.482135,0.482135,100
sib200,swh,500,1024,svm,char_3to5,{'C': 1.0},0.69425,0.69425,500
sib200,swh,500,123,svm,char_3to5,{'C': 100.0},0.728302,0.728302,500
sib200,swh,250,456,svm,word_bigram,{'C': 10.0},0.593514,0.593514,250
sib200,swh,500,456,svm,word_bigram,{'C': 10.0},0.747381,0.747381,500
sib200,swh,500,789,svm,word_bigram,{'C': 10.0},0.719593,0.719593,500
sib200,swh,250,1024,svm,word_bigram,{'C': 10.0},0.620679,0.620679,250
sib200,swh,100,789,svm,char_3to5,{'C': 10.0},0.4292,0.4292,100
sib200,swh,250,123,svm,char_3to5,{'C': 1.0},0.579667,0.579667,250
sib200,swh,250,789,svm,char_3to5,{'C': 1.0},0.588232,0.588232,250
sib200,swh,100,456,svm,char_3to5,{'C': 1.0},0.447506,0.447506,100
sib200,swh,100,123,svm,word_unigram,{'C': 100.0},0.514266,0.514266,100
sib200,swh,250,42,svm,char_3to5,{'C': 10.0},0.581946,0.581946,250
sib200,swh,100,42,svm,char_3to5,{'C': 10.0},0.525228,0.525228,100
sib200,swh,500,456,xgboost,char_3to5,{'n_estimators': 200},0.496649,0.496649,500
sib200,swh,500,789,xgboost,char_3to5,{'n_estimators': 500},0.463702,0.463702,500
sib200,swh,500,42,xgboost,char_3to5,{'n_estimators': 100},0.513747,0.513747,500
sib200,swh,500,123,xgboost,char_3to5,{'n_estimators': 100},0.523949,0.523949,500
sib200,swh,full,42,xgboost,char_3to5,{'n_estimators': 100},0.564321,0.564321,701
sib200,swh,500,1024,xgboost,char_3to5,{'n_estimators': 100},0.483447,0.483447,500
sib200,swh,250,456,xgboost,char_3to5,{'n_estimators': 100},0.420997,0.420997,250
sib200,swh,250,789,xgboost,char_3to5,{'n_estimators': 100},0.447404,0.447404,250
sib200,swh,250,42,xgboost,char_3to5,{'n_estimators': 300},0.447132,0.447132,250
sib200,swh,250,1024,xgboost,char_3to5,{'n_estimators': 500},0.406975,0.406975,250
sib200,swh,250,123,xgboost,char_3to5,{'n_estimators': 200},0.30759,0.30759,250
sib200,swh,100,456,xgboost,char_3to5,{'n_estimators': 300},0.274794,0.274794,100
sib200,swh,100,42,xgboost,char_3to5,{'n_estimators': 200},0.316598,0.316598,100
sib200,swh,100,1024,xgboost,char_3to5,{'n_estimators': 500},0.325215,0.325215,100
sib200,swh,100,123,xgboost,word_unigram,{'n_estimators': 100},0.264455,0.264455,100
sib200,swh,100,789,xgboost,char_3to5,{'n_estimators': 100},0.26665,0.26665,100
sib200,yor,250,123,naive_bayes,char_3to5,{'alpha': 0.01},0.454487,0.454487,250
sib200,yor,full,42,naive_bayes,char_3to5,{'alpha': 0.01},0.632771,0.632771,701
sib200,yor,500,42,naive_bayes,char_3to5,{'alpha': 0.01},0.573349,0.573349,500
sib200,yor,500,1024,naive_bayes,char_3to5,{'alpha': 0.01},0.600433,0.600433,500
sib200,yor,500,789,naive_bayes,char_3to5,{'alpha': 0.01},0.626304,0.626304,500
sib200,yor,250,1024,naive_bayes,char_3to5,{'alpha': 0.01},0.517657,0.517657,250
sib200,yor,500,456,naive_bayes,char_3to5,{'alpha': 0.01},0.625391,0.625391,500
sib200,yor,500,123,naive_bayes,char_3to5,{'alpha': 0.01},0.537842,0.537842,500
sib200,yor,250,456,naive_bayes,char_3to5,{'alpha': 0.01},0.466077,0.466077,250
sib200,yor,100,1024,naive_bayes,word_unigram,{'alpha': 0.01},0.379069,0.379069,100
sib200,yor,250,42,naive_bayes,char_3to5,{'alpha': 0.01},0.440154,0.440154,250
sib200,yor,100,42,naive_bayes,char_3to5,{'alpha': 0.01},0.4732,0.4732,100
sib200,yor,100,456,naive_bayes,char_3to5,{'alpha': 0.01},0.418171,0.418171,100
sib200,yor,250,789,naive_bayes,char_3to5,{'alpha': 0.01},0.518706,0.518706,250
sib200,yor,100,789,naive_bayes,char_3to5,{'alpha': 0.01},0.342748,0.342748,100
sib200,yor,100,123,naive_bayes,char_3to5,{'alpha': 0.01},0.354567,0.354567,100
sib200,yor,500,1024,svm,char_3to5,{'C': 10.0},0.548983,0.548983,500
sib200,yor,500,789,svm,char_3to5,{'C': 10.0},0.656941,0.656941,500
sib200,yor,full,42,svm,char_3to5,{'C': 1.0},0.636989,0.636989,701
sib200,yor,500,42,svm,char_3to5,{'C': 10.0},0.626657,0.626657,500
sib200,yor,500,123,svm,char_3to5,{'C': 100.0},0.569547,0.569547,500
sib200,yor,500,456,svm,char_3to5,{'C': 100.0},0.654263,0.654263,500
sib200,yor,250,789,svm,char_3to5,{'C': 100.0},0.492119,0.492119,250
sib200,yor,250,456,svm,char_3to5,{'C': 10.0},0.483988,0.483988,250
sib200,yor,250,42,svm,char_3to5,{'C': 100.0},0.470308,0.470308,250
sib200,yor,250,123,svm,char_3to5,{'C': 10.0},0.481037,0.481037,250
sib200,yor,250,1024,svm,char_3to5,{'C': 10.0},0.481851,0.481851,250
sib200,yor,100,1024,svm,char_3to5,{'C': 100.0},0.419714,0.419714,100
sib200,yor,100,123,svm,char_3to5,{'C': 100.0},0.364762,0.364762,100
sib200,yor,100,42,svm,char_3to5,{'C': 10.0},0.404166,0.404166,100
sib200,yor,100,789,svm,char_3to5,{'C': 10.0},0.341311,0.341311,100
sib200,yor,100,456,svm,char_3to5,{'C': 100.0},0.418421,0.418421,100
sib200,yor,500,456,xgboost,char_3to5,{'n_estimators': 100},0.384577,0.384577,500
sib200,yor,full,42,xgboost,char_3to5,{'n_estimators': 100},0.453725,0.453725,701
sib200,yor,500,1024,xgboost,char_3to5,{'n_estimators': 200},0.407451,0.407451,500
sib200,yor,500,123,xgboost,char_3to5,{'n_estimators': 100},0.452899,0.452899,500
sib200,yor,500,789,xgboost,char_3to5,{'n_estimators': 500},0.425337,0.425337,500
sib200,yor,500,42,xgboost,char_3to5,{'n_estimators': 100},0.408228,0.408228,500
sib200,yor,250,1024,xgboost,char_3to5,{'n_estimators': 200},0.365754,0.365754,250
sib200,yor,250,123,xgboost,char_3to5,{'n_estimators': 100},0.307965,0.307965,250
sib200,yor,250,789,xgboost,char_3to5,{'n_estimators': 200},0.383351,0.383351,250
sib200,yor,250,42,xgboost,char_3to5,{'n_estimators': 300},0.31745,0.31745,250
sib200,yor,250,456,xgboost,char_3to5,{'n_estimators': 300},0.40531,0.40531,250
sib200,yor,100,456,xgboost,char_3to5,{'n_estimators': 100},0.296266,0.296266,100
sib200,yor,100,123,xgboost,char_3to5,{'n_estimators': 100},0.296464,0.296464,100
sib200,yor,100,1024,xgboost,char_3to5,{'n_estimators': 100},0.338001,0.338001,100
sib200,yor,100,789,xgboost,char_3to5,{'n_estimators': 100},0.321715,0.321715,100
sib200,yor,100,42,xgboost,char_3to5,{'n_estimators': 100},0.314174,0.314174,100
sib200,amh,500,789,naive_bayes,char_3to5,{'alpha': 0.01},0.64449,0.64449,500
sib200,amh,100,1024,naive_bayes,char_3to5,{'alpha': 0.1},0.430591,0.430591,100
sib200,amh,250,456,naive_bayes,char_3to5,{'alpha': 0.01},0.534016,0.534016,250
sib200,amh,500,1024,naive_bayes,char_3to5,{'alpha': 0.01},0.656061,0.656061,500
sib200,amh,full,42,naive_bayes,char_3to5,{'alpha': 0.01},0.716113,0.716113,701
sib200,amh,500,456,naive_bayes,char_3to5,{'alpha': 0.01},0.684594,0.684594,500
sib200,amh,500,123,naive_bayes,char_3to5,{'alpha': 0.01},0.63846,0.63846,500
sib200,amh,500,42,naive_bayes,char_3to5,{'alpha': 0.01},0.65844,0.65844,500
sib200,amh,250,1024,naive_bayes,char_3to5,{'alpha': 0.1},0.599391,0.599391,250
sib200,amh,250,789,naive_bayes,char_3to5,{'alpha': 0.01},0.471476,0.471476,250
sib200,amh,100,789,naive_bayes,char_3to5,{'alpha': 0.01},0.393808,0.393808,100
sib200,amh,250,123,naive_bayes,char_3to5,{'alpha': 0.01},0.540144,0.540144,250
sib200,amh,250,42,naive_bayes,char_3to5,{'alpha': 0.1},0.535831,0.535831,250
sib200,amh,100,456,naive_bayes,char_3to5,{'alpha': 0.01},0.355645,0.355645,100
sib200,amh,100,42,naive_bayes,char_3to5,{'alpha': 0.1},0.44781,0.44781,100
sib200,amh,100,123,naive_bayes,char_3to5,{'alpha': 0.01},0.503131,0.503131,100
sib200,amh,250,123,svm,char_3to5,{'C': 1.0},0.545527,0.545527,250
sib200,amh,500,42,svm,char_3to5,{'C': 10.0},0.606432,0.606432,500
sib200,amh,500,456,svm,char_3to5,{'C': 1.0},0.667785,0.667785,500
sib200,amh,500,123,svm,char_3to5,{'C': 10.0},0.63389,0.63389,500
sib200,amh,250,456,svm,char_3to5,{'C': 10.0},0.508773,0.508773,250
sib200,amh,100,42,svm,char_3to5,{'C': 100.0},0.432937,0.432937,100
sib200,amh,full,42,svm,char_3to5,{'C': 1.0},0.7058,0.7058,701
sib200,amh,250,789,svm,char_3to5,{'C': 100.0},0.523456,0.523456,250
sib200,amh,500,1024,svm,char_3to5,{'C': 1.0},0.664888,0.664888,500
sib200,amh,500,789,svm,char_3to5,{'C': 10.0},0.676609,0.676609,500
sib200,amh,250,1024,svm,char_3to5,{'C': 10.0},0.591085,0.591085,250
sib200,amh,250,42,svm,char_3to5,{'C': 1.0},0.547486,0.547486,250
sib200,amh,100,789,svm,char_3to5,{'C': 10.0},0.328926,0.328926,100
sib200,amh,100,1024,svm,char_3to5,{'C': 100.0},0.409157,0.409157,100
sib200,amh,100,456,svm,char_3to5,{'C': 100.0},0.393438,0.393438,100
sib200,amh,100,123,svm,char_3to5,{'C': 100.0},0.443859,0.443859,100
sib200,amh,500,1024,xgboost,char_3to5,{'n_estimators': 100},0.437347,0.437347,500
sib200,amh,500,123,xgboost,char_3to5,{'n_estimators': 100},0.3893,0.3893,500
sib200,amh,500,42,xgboost,char_3to5,{'n_estimators': 100},0.387251,0.387251,500
sib200,amh,full,42,xgboost,char_3to5,{'n_estimators': 100},0.444926,0.444926,701
sib200,amh,500,789,xgboost,char_3to5,{'n_estimators': 100},0.413416,0.413416,500
sib200,amh,500,456,xgboost,char_3to5,{'n_estimators': 100},0.375843,0.375843,500
sib200,amh,250,1024,xgboost,char_3to5,{'n_estimators': 200},0.319072,0.319072,250
sib200,amh,250,123,xgboost,word_bigram,{'n_estimators': 500},0.256332,0.256332,250
sib200,amh,250,456,xgboost,char_3to5,{'n_estimators': 200},0.293569,0.293569,250
sib200,amh,250,42,xgboost,char_3to5,{'n_estimators': 100},0.322026,0.322026,250
sib200,amh,250,789,xgboost,char_3to5,{'n_estimators': 100},0.351719,0.351719,250
sib200,amh,100,456,xgboost,char_3to5,{'n_estimators': 200},0.208265,0.208265,100
sib200,amh,100,42,xgboost,char_3to5,{'n_estimators': 300},0.217108,0.217108,100
sib200,amh,100,789,xgboost,char_3to5,{'n_estimators': 100},0.22411,0.22411,100
sib200,amh,100,123,xgboost,char_3to5,{'n_estimators': 100},0.198431,0.198431,100
sib200,amh,100,1024,xgboost,char_3to5,{'n_estimators': 100},0.231637,0.231637,100
