run_id,model,dataset,lang,n,seed,val_f1_weighted,test_f1_weighted,train_seconds
afroxlmr_yor_full_789,afroxlmr,afrisenti,yor,full,789,0.7776420376810533,0.7094671054105941,1378.0123965740204
afroxlmr_yor_full_123,afroxlmr,afrisenti,yor,full,123,0.7683047454044256,0.7131417493526513,1374.6171705722809
afroxlmr_yor_full_1024,afroxlmr,afrisenti,yor,full,1024,0.7682983969445073,0.7203042187120418,1350.126703262329
afroxlmr_yor_full_456,afroxlmr,afrisenti,yor,full,456,0.7761340488805571,0.7224144534483588,1346.2260854244232
afroxlmr_yor_full_42,afroxlmr,afrisenti,yor,full,42,0.779497039780625,0.7282945311620478,1347.9022860527039
afroxlmr_yor_750_1024,afroxlmr,afrisenti,yor,750,1024,0.6572049248178561,0.6063735581694762,219.59503078460693
afroxlmr_yor_750_789,afroxlmr,afrisenti,yor,750,789,0.6770777475053933,0.591854806758351,208.76668310165405
afroxlmr_yor_750_456,afroxlmr,afrisenti,yor,750,456,0.677346895685164,0.6239742933347242,214.62954998016357
afroxlmr_yor_750_42,afroxlmr,afrisenti,yor,750,42,0.6566882392881606,0.5954791971592093,208.7667589187622
afroxlmr_yor_500_1024,afroxlmr,afrisenti,yor,500,1024,0.6591462223473925,0.5985434561186487,194.77126336097717
afroxlmr_yor_750_123,afroxlmr,afrisenti,yor,750,123,0.6498350629479688,0.5871406541544275,187.60063815116882
afroxlmr_yor_500_789,afroxlmr,afrisenti,yor,500,789,0.6547820740206083,0.5875301563982717,194.05009412765503
afroxlmr_yor_500_456,afroxlmr,afrisenti,yor,500,456,0.6606930386290232,0.5948365386596235,193.1519660949707
afroxlmr_yor_500_123,afroxlmr,afrisenti,yor,500,123,0.6380212292906446,0.5817627853026549,198.13474440574646
afroxlmr_yor_500_42,afroxlmr,afrisenti,yor,500,42,0.6454065260992211,0.576732322232691,187.12060451507568
afroxlmr_yor_250_789,afroxlmr,afrisenti,yor,250,789,0.6121390541681047,0.5716462268699966,150.40285682678223
afroxlmr_yor_250_1024,afroxlmr,afrisenti,yor,250,1024,0.58686714098006,0.5199938463496414,138.340345621109
afroxlmr_yor_250_456,afroxlmr,afrisenti,yor,250,456,0.6323942442770347,0.5674584206955473,147.39321112632751
afroxlmr_yor_250_123,afroxlmr,afrisenti,yor,250,123,0.5967279880027939,0.5325365197217184,149.41466569900513
afroxlmr_yor_250_42,afroxlmr,afrisenti,yor,250,42,0.6333991172496815,0.5443463564416453,145.98626399040222
afroxlmr_yor_100_1024,afroxlmr,afrisenti,yor,100,1024,0.5381060368371138,0.48416476542353915,124.60971713066101
afroxlmr_yor_100_789,afroxlmr,afrisenti,yor,100,789,0.5790744752888167,0.5290341202369188,130.54821610450745
afroxlmr_swa_full_1024,afroxlmr,afrisenti,swa,full,1024,0.628552824873649,0.599732073442991,179.6616780757904
afroxlmr_yor_100_456,afroxlmr,afrisenti,yor,100,456,0.5808754978702706,0.5434546214186207,125.64545273780823
afroxlmr_swa_full_789,afroxlmr,afrisenti,swa,full,789,0.6216707132384945,0.6213247932610481,186.13717579841614
afroxlmr_yor_100_123,afroxlmr,afrisenti,yor,100,123,0.5646221332711879,0.532433369965581,109.57307052612305
afroxlmr_swa_full_456,afroxlmr,afrisenti,swa,full,456,0.6224227776668868,0.6122809111754699,173.94195747375488
afroxlmr_yor_100_42,afroxlmr,afrisenti,yor,100,42,0.5764831312484059,0.46034301917782605,127.7927827835083
afroxlmr_swa_full_42,afroxlmr,afrisenti,swa,full,42,0.621715721529537,0.5937059889196804,179.12313866615295
afroxlmr_swa_full_123,afroxlmr,afrisenti,swa,full,123,0.6078040511464383,0.6188798602838984,138.02708292007446
afroxlmr_swa_750_1024,afroxlmr,afrisenti,swa,750,1024,0.6176759887280242,0.5864309512858725,89.67966389656067
afroxlmr_swa_750_789,afroxlmr,afrisenti,swa,750,789,0.6228488154442654,0.6133753799261294,91.12594985961914
afroxlmr_pcm_full_42,afroxlmr,afrisenti,pcm,full,42,0.7599588878027836,0.6625867807525878,508.02755069732666
afroxlmr_pcm_full_456,afroxlmr,afrisenti,pcm,full,456,0.7590130268436125,0.6563537457316849,499.3014545440674
afroxlmr_swa_750_123,afroxlmr,afrisenti,swa,750,123,0.589893973468172,0.5957854507870236,93.9005720615387
afroxlmr_swa_750_456,afroxlmr,afrisenti,swa,750,456,0.6257488770074938,0.5913407992479589,90.99240946769714
afroxlmr_pcm_full_123,afroxlmr,afrisenti,pcm,full,123,0.7696222530381891,0.6689398543387063,456.2403483390808
afroxlmr_swa_750_42,afroxlmr,afrisenti,swa,750,42,0.6144990771600053,0.6185134303030008,88.36122035980225
afroxlmr_swa_500_1024,afroxlmr,afrisenti,swa,500,1024,0.6280440896479169,0.5869788224353892,90.59562611579895
afroxlmr_swa_500_789,afroxlmr,afrisenti,swa,500,789,0.6117059212284486,0.5842449139749731,91.29069709777832
afroxlmr_pcm_full_1024,afroxlmr,afrisenti,pcm,full,1024,0.7618351883414125,0.6748641699933927,353.8460087776184
afroxlmr_swa_500_456,afroxlmr,afrisenti,swa,500,456,0.600233679907222,0.5815199604216614,100.27592253684998
afroxlmr_swa_500_123,afroxlmr,afrisenti,swa,500,123,0.5989757033919045,0.5834881091800055,90.42479872703552
afroxlmr_swa_500_42,afroxlmr,afrisenti,swa,500,42,0.6135894631031221,0.6205463314713405,93.75039744377136
afroxlmr_pcm_full_789,afroxlmr,afrisenti,pcm,full,789,0.757692807511841,0.6738855794445425,325.9333279132843
afroxlmr_swa_250_1024,afroxlmr,afrisenti,swa,250,1024,0.6187509074143811,0.5823033987303015,62.795504570007324
afroxlmr_swa_250_789,afroxlmr,afrisenti,swa,250,789,0.5904562951382385,0.5706835753744872,58.61123275756836
afroxlmr_swa_250_456,afroxlmr,afrisenti,swa,250,456,0.582924543550889,0.5489496356700112,59.095179080963135
afroxlmr_swa_250_42,afroxlmr,afrisenti,swa,250,42,0.6102948676909521,0.583503140074228,64.06113624572754
afroxlmr_swa_250_123,afroxlmr,afrisenti,swa,250,123,0.5757854376023716,0.5718043116666397,58.583415508270264
afroxlmr_swa_100_1024,afroxlmr,afrisenti,swa,100,1024,0.5229261968687224,0.5179989649818872,44.43007564544678
afroxlmr_swa_100_456,afroxlmr,afrisenti,swa,100,456,0.5644247080367459,0.5253537596798231,53.38623595237732
afroxlmr_swa_100_789,afroxlmr,afrisenti,swa,100,789,0.5753789510704616,0.5545960350968829,50.03267312049866
afroxlmr_orm_full_456,afroxlmr,afrisenti,orm,full,456,0.2675430223063178,0.33502160122319313,841.0626494884491
afroxlmr_swa_100_123,afroxlmr,afrisenti,swa,100,123,0.6001485128290472,0.5438907762091326,50.27007579803467
afroxlmr_swa_100_42,afroxlmr,afrisenti,swa,100,42,0.5610803106057548,0.5186551838158134,53.94125509262085
afroxlmr_pcm_750_1024,afroxlmr,afrisenti,pcm,750,1024,0.7001177032536734,0.6298782469537157,81.69915843009949
afroxlmr_pcm_500_1024,afroxlmr,afrisenti,pcm,500,1024,0.6945922103771616,0.6203947167341717,100.28497076034546
afroxlmr_pcm_750_456,afroxlmr,afrisenti,pcm,750,456,0.6968272599954084,0.6032960059619911,88.52823328971863
afroxlmr_pcm_750_789,afroxlmr,afrisenti,pcm,750,789,0.7151760912460161,0.6255427446918297,79.85418581962585
afroxlmr_pcm_750_42,afroxlmr,afrisenti,pcm,750,42,0.7031929729801211,0.6186939376650132,93.04226446151733
afroxlmr_pcm_750_123,afroxlmr,afrisenti,pcm,750,123,0.7136797773336027,0.6278648645150829,86.54330897331238
afroxlmr_pcm_500_789,afroxlmr,afrisenti,pcm,500,789,0.7108969751824108,0.6196196915192249,93.41571545600891
afroxlmr_pcm_500_456,afroxlmr,afrisenti,pcm,500,456,0.6882782499211036,0.6020213000029797,107.98927211761475
afroxlmr_pcm_500_123,afroxlmr,afrisenti,pcm,500,123,0.6999500058862484,0.6083705335005253,107.12122178077698
afroxlmr_pcm_500_42,afroxlmr,afrisenti,pcm,500,42,0.6950745145436414,0.6050032311890762,109.0650064945221
afroxlmr_orm_full_1024,afroxlmr,afrisenti,orm,full,1024,0.3386552032179503,0.30260058303528614,471.46834897994995
afroxlmr_orm_full_789,afroxlmr,afrisenti,orm,full,789,0.34555251910623813,0.30970307887835097,465.224684715271
afroxlmr_orm_full_123,afroxlmr,afrisenti,orm,full,123,0.24851531081574735,0.3581406299504417,853.7611527442932
afroxlmr_pcm_250_1024,afroxlmr,afrisenti,pcm,250,1024,0.6857027763217795,0.611861097185025,73.53579664230347
afroxlmr_pcm_250_789,afroxlmr,afrisenti,pcm,250,789,0.6753829090095513,0.5982960648935719,61.5705680847168
afroxlmr_pcm_250_456,afroxlmr,afrisenti,pcm,250,456,0.6540389133421884,0.5776237847438443,77.58675456047058
afroxlmr_pcm_250_123,afroxlmr,afrisenti,pcm,250,123,0.6888285887614204,0.5905243642876207,72.13374614715576
afroxlmr_pcm_250_42,afroxlmr,afrisenti,pcm,250,42,0.6362535636613261,0.557310703126333,73.1710295677185
afroxlmr_orm_full_42,afroxlmr,afrisenti,orm,full,42,0.3324755244569719,0.3882479731968224,723.9827888011932
afroxlmr_pcm_100_1024,afroxlmr,afrisenti,pcm,100,1024,0.6395583179358806,0.5674333508648105,67.61084175109863
afroxlmr_pcm_100_789,afroxlmr,afrisenti,pcm,100,789,0.6525814608526823,0.5329246223598002,66.35925698280334
afroxlmr_pcm_100_456,afroxlmr,afrisenti,pcm,100,456,0.6304147726073355,0.548792776407902,67.45266318321228
afroxlmr_pcm_100_123,afroxlmr,afrisenti,pcm,100,123,0.6584590184232133,0.564057974856184,65.35397624969482
afroxlmr_pcm_100_42,afroxlmr,afrisenti,pcm,100,42,0.6031196858677811,0.5170573715327627,63.637946367263794
afroxlmr_ibo_full_1024,afroxlmr,afrisenti,ibo,full,1024,0.7952312366429188,0.7806973833682204,1148.890679359436
afroxlmr_ibo_full_456,afroxlmr,afrisenti,ibo,full,456,0.7868874574605035,0.7803294183625367,1128.0432274341583
afroxlmr_ibo_full_789,afroxlmr,afrisenti,ibo,full,789,0.7904190436066644,0.7793346638106605,1126.243665933609
afroxlmr_ibo_full_42,afroxlmr,afrisenti,ibo,full,42,0.7847274280612578,0.7771356487061173,1141.3689167499542
afroxlmr_ibo_full_123,afroxlmr,afrisenti,ibo,full,123,0.7871319075327462,0.774421616310941,1010.9102499485016
afroxlmr_orm_750_1024,afroxlmr,afrisenti,orm,750,1024,0.33241934119127103,0.27620550966258844,58.25009512901306
afroxlmr_orm_750_789,afroxlmr,afrisenti,orm,750,789,0.28232664022137705,0.29480227879596893,59.228479623794556
afroxlmr_orm_750_456,afroxlmr,afrisenti,orm,750,456,0.28470360142116274,0.27200761725330486,50.40308594703674
afroxlmr_orm_750_123,afroxlmr,afrisenti,orm,750,123,0.2711101556126292,0.28066583596379735,49.82196569442749
afroxlmr_orm_750_42,afroxlmr,afrisenti,orm,750,42,0.3915049659881701,0.39594722598080273,87.75620150566101
afroxlmr_orm_500_1024,afroxlmr,afrisenti,orm,500,1024,0.325117523196079,0.2569698996144221,62.502262592315674
afroxlmr_orm_500_456,afroxlmr,afrisenti,orm,500,456,0.310726147818449,0.37530944464285104,92.01985120773315
afroxlmr_orm_500_789,afroxlmr,afrisenti,orm,500,789,0.3234070231334253,0.2792243709248135,56.56003665924072
afroxlmr_orm_500_123,afroxlmr,afrisenti,orm,500,123,0.27180327643588487,0.23974908531713518,53.71078085899353
afroxlmr_orm_500_42,afroxlmr,afrisenti,orm,500,42,0.41399731453932,0.3973518451701253,91.91291832923889
afroxlmr_orm_250_1024,afroxlmr,afrisenti,orm,250,1024,0.3397007290449913,0.2978311999655197,48.448885679244995
afroxlmr_orm_250_456,afroxlmr,afrisenti,orm,250,456,0.2778781323391933,0.3482608750020845,59.712703227996826
afroxlmr_orm_250_789,afroxlmr,afrisenti,orm,250,789,0.319578766387277,0.24271368074285657,40.5242018699646
afroxlmr_orm_250_123,afroxlmr,afrisenti,orm,250,123,0.257995690938172,0.21105520531441221,38.183547496795654
afroxlmr_orm_250_42,afroxlmr,afrisenti,orm,250,42,0.37310007869419876,0.37129025280217176,60.459083795547485
afroxlmr_orm_100_1024,afroxlmr,afrisenti,orm,100,1024,0.3578210473190346,0.3048554302818645,55.342292070388794
afroxlmr_orm_100_789,afroxlmr,afrisenti,orm,100,789,0.34858127754038665,0.27226382103599744,45.85958671569824
afroxlmr_orm_100_456,afroxlmr,afrisenti,orm,100,456,0.2691423878649058,0.2912541968483381,32.93156719207764
afroxlmr_orm_100_123,afroxlmr,afrisenti,orm,100,123,0.28647273329483486,0.2791756952371045,33.02406406402588
afroxlmr_orm_100_42,afroxlmr,afrisenti,orm,100,42,0.31362079775417406,0.2731900823187397,44.41882061958313
afroxlmr_hau_full_789,afroxlmr,afrisenti,hau,full,789,0.801335670616975,0.7860384703471811,1469.0858347415924
afroxlmr_ibo_750_1024,afroxlmr,afrisenti,ibo,750,1024,0.6418853924042779,0.6137626755086376,138.1399166584015
afroxlmr_hau_full_123,afroxlmr,afrisenti,hau,full,123,0.801047097913986,0.7857899530758858,1474.5430941581726
afroxlmr_ibo_750_789,afroxlmr,afrisenti,ibo,750,789,0.641513831273343,0.6027440505620062,142.73489904403687
afroxlmr_ibo_750_123,afroxlmr,afrisenti,ibo,750,123,0.6510166780141144,0.6076630323081601,144.357586145401
afroxlmr_ibo_750_456,afroxlmr,afrisenti,ibo,750,456,0.667479100639692,0.6023346782266837,137.1485242843628
afroxlmr_ibo_750_42,afroxlmr,afrisenti,ibo,750,42,0.6655462815247218,0.6257817861290035,147.4066343307495
afroxlmr_ibo_500_1024,afroxlmr,afrisenti,ibo,500,1024,0.6392946158676299,0.6032531814787607,134.5297727584839
afroxlmr_hau_full_42,afroxlmr,afrisenti,hau,full,42,0.7999644989798682,0.7925072249804647,1304.0191321372986
afroxlmr_hau_full_1024,afroxlmr,afrisenti,hau,full,1024,0.7977905603280214,0.774039466191856,1158.7321417331696
afroxlmr_ibo_500_789,afroxlmr,afrisenti,ibo,500,789,0.6250914963215636,0.5969566957281653,139.0985176563263
afroxlmr_hau_full_456,afroxlmr,afrisenti,hau,full,456,0.8040722661620087,0.7831552989853057,1227.845989704132
afroxlmr_ibo_500_456,afroxlmr,afrisenti,ibo,500,456,0.6434467955532563,0.6074591215758769,135.16059017181396
afroxlmr_ibo_500_123,afroxlmr,afrisenti,ibo,500,123,0.6387836833408699,0.5978002305976233,138.72294855117798
afroxlmr_ibo_500_42,afroxlmr,afrisenti,ibo,500,42,0.634864308677867,0.596650584335379,137.9998550415039
afroxlmr_ibo_250_1024,afroxlmr,afrisenti,ibo,250,1024,0.572177337677454,0.5252480101367208,98.1102237701416
afroxlmr_ibo_250_789,afroxlmr,afrisenti,ibo,250,789,0.5892440340669824,0.5515867134049283,100.9585440158844
afroxlmr_ibo_250_456,afroxlmr,afrisenti,ibo,250,456,0.583704221698463,0.5422431015308785,101.99218463897705
afroxlmr_ibo_250_123,afroxlmr,afrisenti,ibo,250,123,0.5837582133654687,0.5659535352708438,100.32675957679749
afroxlmr_ibo_250_42,afroxlmr,afrisenti,ibo,250,42,0.6019064418865757,0.5575435891544533,98.69299960136414
afroxlmr_ibo_100_1024,afroxlmr,afrisenti,ibo,100,1024,0.5053908422168505,0.45306452077313797,88.66238451004028
afroxlmr_ibo_100_789,afroxlmr,afrisenti,ibo,100,789,0.5329662111565414,0.45791183825742304,90.20602059364319
afroxlmr_ibo_100_456,afroxlmr,afrisenti,ibo,100,456,0.5152930216289423,0.5137370707409941,90.98208928108215
afroxlmr_ibo_100_123,afroxlmr,afrisenti,ibo,100,123,0.5068999138350929,0.49619251644564183,88.53901600837708
afroxlmr_ibo_100_42,afroxlmr,afrisenti,ibo,100,42,0.5238883021166401,0.4631917646174676,89.50478219985962
afroxlmr_hau_750_1024,afroxlmr,afrisenti,hau,750,1024,0.7081833797519007,0.668863133529837,144.58564734458923
afroxlmr_hau_750_789,afroxlmr,afrisenti,hau,750,789,0.715686040855415,0.6649344699329465,144.12885069847107
afroxlmr_hau_750_456,afroxlmr,afrisenti,hau,750,456,0.712293334700634,0.6787312628362008,146.2566854953766
afroxlmr_hau_750_42,afroxlmr,afrisenti,hau,750,42,0.7142355384576687,0.6776101087522626,142.93704891204834
afroxlmr_hau_750_123,afroxlmr,afrisenti,hau,750,123,0.6970007610481124,0.6012898547977441,115.13784170150757
afroxlmr_amh_full_1024,afroxlmr,afrisenti,amh,full,1024,0.6259580036219565,0.5217032999044368,462.11478424072266
afroxlmr_hau_500_1024,afroxlmr,afrisenti,hau,500,1024,0.6822582935071353,0.6497576092754231,140.31933498382568
afroxlmr_hau_500_789,afroxlmr,afrisenti,hau,500,789,0.7067924051413309,0.6539087329058272,138.58182835578918
afroxlmr_hau_500_456,afroxlmr,afrisenti,hau,500,456,0.711179772851054,0.6869466126183688,128.62994980812073
afroxlmr_hau_500_123,afroxlmr,afrisenti,hau,500,123,0.67894475409573,0.6149479581328803,140.87637758255005
afroxlmr_hau_500_42,afroxlmr,afrisenti,hau,500,42,0.6895210120360487,0.6610689504344829,140.2060627937317
afroxlmr_hau_250_1024,afroxlmr,afrisenti,hau,250,1024,0.6391108717728325,0.6034141631733961,89.34561371803284
afroxlmr_hau_250_789,afroxlmr,afrisenti,hau,250,789,0.6843367210834425,0.6479862941105806,102.6102385520935
afroxlmr_amh_full_789,afroxlmr,afrisenti,amh,full,789,0.6203692410614259,0.5467617026953155,381.3835165500641
afroxlmr_hau_250_456,afroxlmr,afrisenti,hau,250,456,0.6805861620501532,0.590543184104587,87.28651332855225
afroxlmr_hau_250_123,afroxlmr,afrisenti,hau,250,123,0.6723161831587601,0.5946511191356807,104.06208801269531
afroxlmr_hau_250_42,afroxlmr,afrisenti,hau,250,42,0.6537644120095086,0.6099804754576454,85.08396029472351
afroxlmr_hau_100_1024,afroxlmr,afrisenti,hau,100,1024,0.6200780110296824,0.575431581255542,81.66485834121704
afroxlmr_hau_100_789,afroxlmr,afrisenti,hau,100,789,0.6456345826909802,0.5752088696567822,101.28353691101074
afroxlmr_hau_100_456,afroxlmr,afrisenti,hau,100,456,0.6409910042637119,0.5917848606109037,91.26899075508118
afroxlmr_hau_100_123,afroxlmr,afrisenti,hau,100,123,0.6557758413073277,0.5606866192985545,96.17844080924988
afroxlmr_hau_100_42,afroxlmr,afrisenti,hau,100,42,0.6431826448120108,0.6023502230721041,91.18270683288574
xlmr_yor_full_789,xlmr,afrisenti,yor,full,789,0.7455774392715713,0.6711551627029654,1381.3707163333893
xlmr_yor_full_42,xlmr,afrisenti,yor,full,42,0.7454175605149317,0.6817759312751742,1352.6315286159515
xlmr_yor_full_1024,xlmr,afrisenti,yor,full,1024,0.7487232542290393,0.6646010864933645,1348.6423723697662
xlmr_yor_full_123,xlmr,afrisenti,yor,full,123,0.7498128994409419,0.6327367222467994,1344.5023665428162
xlmr_yor_full_456,xlmr,afrisenti,yor,full,456,0.7539005702561249,0.6482243865832463,1348.4414081573486
afroxlmr_amh_full_456,afroxlmr,afrisenti,amh,full,456,0.6109455037107152,0.4071623275639633,408.99593353271484
afroxlmr_amh_full_123,afroxlmr,afrisenti,amh,full,123,0.6251198094110172,0.5379542467311477,351.0275864601135
afroxlmr_amh_full_42,afroxlmr,afrisenti,amh,full,42,0.6196358792871967,0.44810026669311426,410.3139863014221
afroxlmr_amh_750_1024,afroxlmr,afrisenti,amh,750,1024,0.6001520028368701,0.4536215079562877,122.56825160980225
afroxlmr_amh_750_789,afroxlmr,afrisenti,amh,750,789,0.5899165066153266,0.610559490728577,96.60584735870361
afroxlmr_amh_750_456,afroxlmr,afrisenti,amh,750,456,0.5979758503216134,0.5674523048643532,97.60672998428345
afroxlmr_amh_750_123,afroxlmr,afrisenti,amh,750,123,0.5924176947330462,0.5337096566680524,101.21161985397339
afroxlmr_amh_750_42,afroxlmr,afrisenti,amh,750,42,0.5915294196667069,0.5626801415051095,103.15775966644287
afroxlmr_amh_500_1024,afroxlmr,afrisenti,amh,500,1024,0.5991147467548689,0.3677410853154493,103.77280306816101
afroxlmr_amh_500_123,afroxlmr,afrisenti,amh,500,123,0.5919678572408853,0.5446247867903548,107.54782509803772
afroxlmr_amh_500_789,afroxlmr,afrisenti,amh,500,789,0.576110614033208,0.46768411899293777,92.10316896438599
afroxlmr_amh_500_42,afroxlmr,afrisenti,amh,500,42,0.5765716557106391,0.4734668280752922,103.35606479644775
afroxlmr_amh_500_456,afroxlmr,afrisenti,amh,500,456,0.5933517631730092,0.45134032847470273,85.93330645561218
afroxlmr_amh_250_1024,afroxlmr,afrisenti,amh,250,1024,0.5960561202236601,0.4496303607733036,86.65891885757446
afroxlmr_amh_250_456,afroxlmr,afrisenti,amh,250,456,0.5902211088215162,0.5481576113593853,76.08119988441467
afroxlmr_amh_250_789,afroxlmr,afrisenti,amh,250,789,0.5752218254911627,0.6723736000750353,67.27813053131104
afroxlmr_amh_250_123,afroxlmr,afrisenti,amh,250,123,0.5970216761362725,0.5842775840742578,79.36016130447388
afroxlmr_amh_250_42,afroxlmr,afrisenti,amh,250,42,0.5680790085161209,0.5830421920156682,80.04575181007385
afroxlmr_amh_100_1024,afroxlmr,afrisenti,amh,100,1024,0.5244305099343636,0.2841899915460558,80.75730609893799
afroxlmr_amh_100_789,afroxlmr,afrisenti,amh,100,789,0.5545827227825187,0.6032130689254663,70.27990913391113
afroxlmr_amh_100_456,afroxlmr,afrisenti,amh,100,456,0.5511260429522195,0.43125193575300486,71.4188072681427
afroxlmr_amh_100_123,afroxlmr,afrisenti,amh,100,123,0.5473070471612926,0.6189299587904762,71.38490796089172
afroxlmr_amh_100_42,afroxlmr,afrisenti,amh,100,42,0.5363901030150721,0.43020786850570486,71.72019505500793
xlmr_yor_750_123,xlmr,afrisenti,yor,750,123,0.5835116658485141,0.4917060607626931,236.6287543773651
xlmr_yor_750_789,xlmr,afrisenti,yor,750,789,0.6060921057818767,0.5108384653629698,223.50765824317932
xlmr_yor_750_1024,xlmr,afrisenti,yor,750,1024,0.5321184964247165,0.47007036434893934,215.88371753692627
xlmr_yor_750_456,xlmr,afrisenti,yor,750,456,0.5986079674527467,0.5381175895601782,212.06946563720703
xlmr_yor_750_42,xlmr,afrisenti,yor,750,42,0.5803013657002434,0.47894258418244595,209.30119943618774
xlmr_yor_500_789,xlmr,afrisenti,yor,500,789,0.5619631109828772,0.46569667722726016,196.27285957336426
xlmr_yor_500_1024,xlmr,afrisenti,yor,500,1024,0.5851306887936139,0.4815383413775216,196.733407497406
xlmr_yor_500_456,xlmr,afrisenti,yor,500,456,0.5960183579215164,0.49785383007305184,190.22264575958252
xlmr_yor_500_123,xlmr,afrisenti,yor,500,123,0.5811237438470547,0.4609529036167863,193.98641324043274
xlmr_yor_500_42,xlmr,afrisenti,yor,500,42,0.575924009257499,0.5054938688310956,193.41344118118286
xlmr_yor_250_1024,xlmr,afrisenti,yor,250,1024,0.5693542297204264,0.47029853013862266,150.37154126167297
xlmr_yor_250_789,xlmr,afrisenti,yor,250,789,0.5230306776363711,0.4452146584791058,148.34796905517578
xlmr_yor_250_456,xlmr,afrisenti,yor,250,456,0.5122935367339082,0.41109967952384013,146.07992792129517
xlmr_yor_250_123,xlmr,afrisenti,yor,250,123,0.528046636143513,0.43587765319176763,144.3366289138794
xlmr_yor_100_1024,xlmr,afrisenti,yor,100,1024,0.4984364384906117,0.4199514021530282,131.02458262443542
xlmr_yor_100_789,xlmr,afrisenti,yor,100,789,0.5163518230748689,0.4189274875623466,126.04037046432495
xlmr_yor_250_42,xlmr,afrisenti,yor,250,42,0.39649862077943404,0.3353547712861145,105.04791402816772
xlmr_yor_100_456,xlmr,afrisenti,yor,100,456,0.47422164060112976,0.4195379534170719,126.9374749660492
xlmr_swa_full_1024,xlmr,afrisenti,swa,full,1024,0.5763434623466805,0.6003055980235998,180.74048233032227
xlmr_yor_100_123,xlmr,afrisenti,yor,100,123,0.4308929442663521,0.40850046789371025,129.5935025215149
xlmr_swa_full_456,xlmr,afrisenti,swa,full,456,0.607615048485097,0.5924647908522619,173.83229541778564
xlmr_swa_full_123,xlmr,afrisenti,swa,full,123,0.603682014214178,0.5915298839463844,181.76000142097473
xlmr_swa_full_42,xlmr,afrisenti,swa,full,42,0.6170020423320263,0.5924526046766315,180.54565906524658
xlmr_swa_full_789,xlmr,afrisenti,swa,full,789,0.6018153664877117,0.628706024719334,152.67736077308655
xlmr_pcm_full_1024,xlmr,afrisenti,pcm,full,1024,0.7615695451834913,0.6607797224057896,513.0704386234283
xlmr_pcm_full_789,xlmr,afrisenti,pcm,full,789,0.7550348325231009,0.6591592119571112,508.43020844459534
xlmr_yor_100_42,xlmr,afrisenti,yor,100,42,0.5263159793250421,0.4260095778347548,126.08118104934692
xlmr_pcm_full_123,xlmr,afrisenti,pcm,full,123,0.7573803059633564,0.6507784010516338,500.10530376434326
xlmr_swa_750_1024,xlmr,afrisenti,swa,750,1024,0.5263825851559693,0.52269022635438,90.8504273891449
xlmr_swa_750_789,xlmr,afrisenti,swa,750,789,0.5676797412819384,0.5813595046995966,90.62228202819824
xlmr_pcm_full_456,xlmr,afrisenti,pcm,full,456,0.752618601685799,0.6623673302647614,352.50364542007446
xlmr_swa_750_456,xlmr,afrisenti,swa,750,456,0.5878261770386308,0.5695307551910337,80.48540496826172
xlmr_pcm_full_42,xlmr,afrisenti,pcm,full,42,0.7587273217296794,0.6651639247406835,407.4119520187378
xlmr_swa_750_42,xlmr,afrisenti,swa,750,42,0.6140213776263301,0.5786679160154627,92.43181681632996
xlmr_swa_750_123,xlmr,afrisenti,swa,750,123,0.5565762010487049,0.5863603276973042,90.0071964263916
xlmr_swa_500_1024,xlmr,afrisenti,swa,500,1024,0.5355023066282685,0.5524795567187215,92.79823541641235
xlmr_swa_500_789,xlmr,afrisenti,swa,500,789,0.5752261588240904,0.5654902767359514,92.60336947441101
xlmr_swa_500_456,xlmr,afrisenti,swa,500,456,0.5460664451421009,0.5545654827411198,91.50919365882874
xlmr_swa_500_123,xlmr,afrisenti,swa,500,123,0.5294629512514984,0.5393937451972738,90.29942679405212
xlmr_swa_500_42,xlmr,afrisenti,swa,500,42,0.5367344985705312,0.5415682058241051,92.85949397087097
xlmr_orm_full_123,xlmr,afrisenti,orm,full,123,0.3228180273832448,0.37732467207882664,721.1018624305725
xlmr_orm_full_456,xlmr,afrisenti,orm,full,456,0.2808012622155983,0.3706013012527566,678.4041578769684
xlmr_swa_250_1024,xlmr,afrisenti,swa,250,1024,0.5547557941061463,0.5458248337231324,59.37246346473694
xlmr_swa_250_789,xlmr,afrisenti,swa,250,789,0.5556595967191994,0.5251392255248738,57.32728338241577
xlmr_swa_250_456,xlmr,afrisenti,swa,250,456,0.5498498871741525,0.5585058963247407,60.54042387008667
xlmr_orm_full_42,xlmr,afrisenti,orm,full,42,0.2807329988240288,0.3746307313870614,633.3177752494812
xlmr_swa_250_123,xlmr,afrisenti,swa,250,123,0.4398110301794479,0.4421993324480494,32.6274688243866
xlmr_swa_250_42,xlmr,afrisenti,swa,250,42,0.5434653253588152,0.5037783816954501,58.20100116729736
xlmr_orm_full_1024,xlmr,afrisenti,orm,full,1024,0.2857789082389953,0.37876264014669764,503.0020709037781
xlmr_pcm_750_1024,xlmr,afrisenti,pcm,750,1024,0.6720330182945137,0.6107589740455085,110.63643479347229
xlmr_pcm_750_123,xlmr,afrisenti,pcm,750,123,0.6912268567275354,0.5940736836119084,114.11578297615051
xlmr_pcm_750_456,xlmr,afrisenti,pcm,750,456,0.7011705069192431,0.6002643692568042,109.62830924987793
xlmr_pcm_750_789,xlmr,afrisenti,pcm,750,789,0.6830353899475481,0.601080944246893,108.43106365203857
xlmr_orm_full_789,xlmr,afrisenti,orm,full,789,0.3074218134720682,0.30644637964180604,464.83627128601074
xlmr_pcm_750_42,xlmr,afrisenti,pcm,750,42,0.6994899071417894,0.6130972721895198,94.20975065231323
xlmr_pcm_500_789,xlmr,afrisenti,pcm,500,789,0.6730618973802259,0.5758352373244776,110.21308183670044
xlmr_pcm_500_1024,xlmr,afrisenti,pcm,500,1024,0.6664401930004542,0.5899469120719198,102.67131352424622
xlmr_pcm_500_456,xlmr,afrisenti,pcm,500,456,0.672535814451499,0.5883376407023655,107.52989912033081
xlmr_pcm_500_123,xlmr,afrisenti,pcm,500,123,0.6712840001901889,0.5627233314404897,116.64063382148743
xlmr_pcm_500_42,xlmr,afrisenti,pcm,500,42,0.6584047313553952,0.5941394903392425,110.028817653656
xlmr_pcm_250_1024,xlmr,afrisenti,pcm,250,1024,0.6440928183872797,0.5590446003451697,67.03132629394531
xlmr_pcm_250_789,xlmr,afrisenti,pcm,250,789,0.667768078798409,0.58937495488237,66.63133120536804
xlmr_pcm_250_456,xlmr,afrisenti,pcm,250,456,0.644847475898849,0.5547241862193938,75.52309727668762
xlmr_pcm_250_123,xlmr,afrisenti,pcm,250,123,0.6493476466738666,0.5603741583289186,77.97002220153809
xlmr_pcm_250_42,xlmr,afrisenti,pcm,250,42,0.6055944411638642,0.5334148314406537,75.08809781074524
xlmr_pcm_100_1024,xlmr,afrisenti,pcm,100,1024,0.582092800616524,0.501056437319898,65.45699763298035
xlmr_pcm_100_789,xlmr,afrisenti,pcm,100,789,0.6389196914298233,0.5220122584472798,68.82466769218445
xlmr_pcm_100_456,xlmr,afrisenti,pcm,100,456,0.6214129108557609,0.5170421066095503,66.98031902313232
xlmr_ibo_full_456,xlmr,afrisenti,ibo,full,456,0.8093319371043172,0.766204512460676,1177.5369160175323
xlmr_ibo_full_789,xlmr,afrisenti,ibo,full,789,0.7999900372338539,0.7723332372886235,1144.2416501045227
xlmr_pcm_100_123,xlmr,afrisenti,pcm,100,123,0.6338292693402477,0.5356243569833765,64.3900055885315
xlmr_ibo_full_123,xlmr,afrisenti,ibo,full,123,0.8035689527167809,0.7690295437899514,1132.542145729065
xlmr_pcm_100_42,xlmr,afrisenti,pcm,100,42,0.5506757548854203,0.488054831010108,65.34968400001526
xlmr_orm_750_1024,xlmr,afrisenti,orm,750,1024,0.3086761460636601,0.290301195575581,83.78460574150085
xlmr_orm_750_789,xlmr,afrisenti,orm,750,789,0.3578834345511069,0.37059060694099605,81.42526698112488
xlmr_orm_750_123,xlmr,afrisenti,orm,750,123,0.3786996471243542,0.38240773584244536,76.1843593120575
xlmr_orm_750_42,xlmr,afrisenti,orm,750,42,0.4146584434166543,0.33199184120685593,72.57819628715515
xlmr_orm_750_456,xlmr,afrisenti,orm,750,456,0.32771253350022245,0.3535520414560037,56.142930030822754
xlmr_ibo_full_1024,xlmr,afrisenti,ibo,full,1024,0.7950525023529088,0.7616922170408906,984.2508506774902
xlmr_ibo_full_42,xlmr,afrisenti,ibo,full,42,0.7925379828745767,0.7717906767723396,1016.8679764270782
xlmr_orm_500_1024,xlmr,afrisenti,orm,500,1024,0.36786248603277194,0.3638916932024017,91.7003858089447
xlmr_orm_500_456,xlmr,afrisenti,orm,500,456,0.3251370755535245,0.35685982580377296,89.78126931190491
xlmr_orm_500_42,xlmr,afrisenti,orm,500,42,0.2686496456603215,0.2931565545420757,89.50532650947571
xlmr_orm_500_789,xlmr,afrisenti,orm,500,789,0.24886533321761342,0.2780431456200261,58.34879112243652
xlmr_orm_500_123,xlmr,afrisenti,orm,500,123,0.33811372193186656,0.2471866509128231,74.35426044464111
xlmr_orm_250_1024,xlmr,afrisenti,orm,250,1024,0.2949621955670022,0.24513015676145863,35.00667977333069
xlmr_hau_full_789,xlmr,afrisenti,hau,full,789,0.77591341586643,0.7558062412045773,1460.1651504039764
xlmr_orm_250_789,xlmr,afrisenti,orm,250,789,0.24639591077247333,0.2741990901334346,41.50668501853943
xlmr_orm_250_456,xlmr,afrisenti,orm,250,456,0.326134076023586,0.35975866188303074,59.25207018852234
xlmr_orm_250_123,xlmr,afrisenti,orm,250,123,0.35663023782826453,0.3588273841202509,59.009103298187256
xlmr_hau_full_123,xlmr,afrisenti,hau,full,123,0.7761467439903568,0.7531424922168842,1461.1656124591827
xlmr_orm_250_42,xlmr,afrisenti,orm,250,42,0.409217020092966,0.3773772435732556,58.921327352523804
xlmr_hau_full_42,xlmr,afrisenti,hau,full,42,0.7778385237056595,0.7532187590592938,1459.2273530960083
xlmr_orm_100_1024,xlmr,afrisenti,orm,100,1024,0.3337121301968665,0.23860428936381975,37.98336839675903
xlmr_orm_100_789,xlmr,afrisenti,orm,100,789,0.376218032322073,0.3571274302435359,51.36474061012268
xlmr_orm_100_456,xlmr,afrisenti,orm,100,456,0.39253925963591135,0.3618879557772841,42.74189066886902
xlmr_orm_100_123,xlmr,afrisenti,orm,100,123,0.32375619634787645,0.25559015231658655,53.59811043739319
xlmr_orm_100_42,xlmr,afrisenti,orm,100,42,0.3221554109454017,0.29442081166923656,54.165507555007935
xlmr_hau_full_1024,xlmr,afrisenti,hau,full,1024,0.7706457451264862,0.7446287620719538,1182.07475233078
xlmr_hau_full_456,xlmr,afrisenti,hau,full,456,0.7738840863053892,0.7609118099759665,1237.1580700874329
xlmr_ibo_750_789,xlmr,afrisenti,ibo,750,789,0.6397644321796084,0.5992556168348289,145.89130544662476
xlmr_ibo_750_1024,xlmr,afrisenti,ibo,750,1024,0.6138182860335011,0.577212553413099,138.52853870391846
xlmr_ibo_750_456,xlmr,afrisenti,ibo,750,456,0.6430689361379396,0.6032253132382532,144.34649682044983
xlmr_ibo_750_123,xlmr,afrisenti,ibo,750,123,0.6377748162672827,0.6008270001811384,145.96638131141663
xlmr_ibo_750_42,xlmr,afrisenti,ibo,750,42,0.6107165334397325,0.5751045482131212,144.72045350074768
xlmr_ibo_500_1024,xlmr,afrisenti,ibo,500,1024,0.6189389425008217,0.594667348890117,134.3371012210846
xlmr_ibo_500_789,xlmr,afrisenti,ibo,500,789,0.6276266314800184,0.552539250766641,139.29780387878418
xlmr_ibo_500_456,xlmr,afrisenti,ibo,500,456,0.621231589411833,0.5844763525132098,138.54665875434875
xlmr_ibo_500_123,xlmr,afrisenti,ibo,500,123,0.6218131076730063,0.5753539719493042,136.47765970230103
xlmr_ibo_500_42,xlmr,afrisenti,ibo,500,42,0.631956835035003,0.5762172027493457,135.94775795936584
xlmr_ibo_250_1024,xlmr,afrisenti,ibo,250,1024,0.5595624625853785,0.48709403457596623,99.09583830833435
xlmr_ibo_250_789,xlmr,afrisenti,ibo,250,789,0.5573304978393809,0.5035599633644832,102.13522481918335
xlmr_ibo_250_456,xlmr,afrisenti,ibo,250,456,0.5534150525570114,0.5088536038507728,101.86004447937012
xlmr_ibo_250_123,xlmr,afrisenti,ibo,250,123,0.5545359532054324,0.49618192923382226,99.41108560562134
xlmr_ibo_250_42,xlmr,afrisenti,ibo,250,42,0.5720494977364446,0.5261070610351642,97.33895611763
xlmr_ibo_100_1024,xlmr,afrisenti,ibo,100,1024,0.4970417228908507,0.4099553872852572,90.2951807975769
xlmr_ibo_100_789,xlmr,afrisenti,ibo,100,789,0.4969971712869111,0.41861113187711374,91.41181015968323
xlmr_ibo_100_456,xlmr,afrisenti,ibo,100,456,0.4865252241213092,0.46412913023393787,91.44321131706238
xlmr_ibo_100_123,xlmr,afrisenti,ibo,100,123,0.5137411141453199,0.45692775754930937,88.8826470375061
xlmr_ibo_100_42,xlmr,afrisenti,ibo,100,42,0.5171739424307604,0.4277621993629389,88.81646609306335
xlmr_amh_full_42,xlmr,afrisenti,amh,full,42,0.5906958219564789,0.5230727268147725,586.1116123199463
xlmr_hau_750_1024,xlmr,afrisenti,hau,750,1024,0.6573886766066785,0.5678913634366436,148.10236763954163
xlmr_hau_750_456,xlmr,afrisenti,hau,750,456,0.6665760968571672,0.6186949499817435,149.1651153564453
xlmr_hau_750_123,xlmr,afrisenti,hau,750,123,0.6507258834900176,0.593038874681724,143.36012840270996
xlmr_hau_750_789,xlmr,afrisenti,hau,750,789,0.6468979522324214,0.5726166597308252,129.70553994178772
xlmr_hau_750_42,xlmr,afrisenti,hau,750,42,0.640400657194986,0.5993712453509303,153.67087602615356
xlmr_amh_full_456,xlmr,afrisenti,amh,full,456,0.6035303312337603,0.5646046870168901,464.8572099208832
xlmr_amh_full_789,xlmr,afrisenti,amh,full,789,0.5913572572105225,0.49262285247332266,436.22818326950073
xlmr_amh_full_1024,xlmr,afrisenti,amh,full,1024,0.6099506539755655,0.5663169517532481,407.3383038043976
xlmr_hau_500_456,xlmr,afrisenti,hau,500,456,0.65750452150947,0.6227075269356456,147.67279267311096
xlmr_hau_500_789,xlmr,afrisenti,hau,500,789,0.6442462605690036,0.5784503901523065,145.77187967300415
xlmr_hau_500_1024,xlmr,afrisenti,hau,500,1024,0.6301782594653212,0.5628975014656139,140.24756121635437
xlmr_hau_500_123,xlmr,afrisenti,hau,500,123,0.6185309267138579,0.5046623841351555,143.6665337085724
xlmr_hau_500_42,xlmr,afrisenti,hau,500,42,0.6468173350328936,0.5713879162195928,141.49273538589478
xlmr_amh_full_123,xlmr,afrisenti,amh,full,123,0.5331843341886489,0.29857640446332434,352.7452998161316
xlmr_hau_250_789,xlmr,afrisenti,hau,250,789,0.6277055377100882,0.5682220459580508,105.84796738624573
xlmr_hau_250_456,xlmr,afrisenti,hau,250,456,0.6314841127694918,0.5786952620160553,107.05979347229004
xlmr_hau_250_123,xlmr,afrisenti,hau,250,123,0.6237056320437325,0.5680917791563926,105.77962470054626
xlmr_hau_250_1024,xlmr,afrisenti,hau,250,1024,0.6247003392294361,0.5750771995660825,97.29088377952576
xlmr_hau_250_42,xlmr,afrisenti,hau,250,42,0.6019773604137582,0.5538208127549653,106.12407994270325
xlmr_hau_100_789,xlmr,afrisenti,hau,100,789,0.6036798208469135,0.540801240430831,98.00538849830627
xlmr_hau_100_456,xlmr,afrisenti,hau,100,456,0.6026925577941167,0.5731653174820498,97.4710636138916
xlmr_hau_100_1024,xlmr,afrisenti,hau,100,1024,0.5872062749765784,0.5430597186529195,92.09629011154175
xlmr_hau_100_42,xlmr,afrisenti,hau,100,42,0.6084479129866105,0.5376176645680809,95.85655212402344
xlmr_hau_100_123,xlmr,afrisenti,hau,100,123,0.609125594658106,0.5566402010605849,86.99186444282532
xlmr_amh_750_789,xlmr,afrisenti,amh,750,789,0.564496227339976,0.5682777523079884,115.13319563865662
xlmr_amh_750_456,xlmr,afrisenti,amh,750,456,0.5790136951911953,0.5980644858376007,114.36696100234985
xlmr_amh_750_1024,xlmr,afrisenti,amh,750,1024,0.5598954302046263,0.5674302989839047,111.79963493347168
xlmr_amh_500_1024,xlmr,afrisenti,amh,500,1024,0.5253645324460668,0.45488073925301536,112.56901264190674
xlmr_amh_750_123,xlmr,afrisenti,amh,750,123,0.5861903638693733,0.5930630557992095,111.59590315818787
xlmr_amh_750_42,xlmr,afrisenti,amh,750,42,0.5606070316372063,0.4507888324380032,107.03962516784668
xlmr_amh_500_789,xlmr,afrisenti,amh,500,789,0.5426545913000271,0.5751747423817849,112.17100071907043
xlmr_amh_500_456,xlmr,afrisenti,amh,500,456,0.5550369931585173,0.5774484225806652,110.96532368659973
xlmr_amh_500_42,xlmr,afrisenti,amh,500,42,0.5447699590040885,0.5276268759785316,113.1431531906128
xlmr_amh_500_123,xlmr,afrisenti,amh,500,123,0.5515569450197039,0.47932824423118015,101.3422544002533
xlmr_amh_250_789,xlmr,afrisenti,amh,250,789,0.5450792110476902,0.5589966950492116,80.34357905387878
xlmr_amh_250_1024,xlmr,afrisenti,amh,250,1024,0.49259906371995127,0.2956082957571935,79.82258582115173
xlmr_amh_250_42,xlmr,afrisenti,amh,250,42,0.5510242823768375,0.6185628259892836,80.10600781440735
xlmr_amh_250_456,xlmr,afrisenti,amh,250,456,0.4963536659445832,0.574206574382606,78.65696930885315
xlmr_amh_250_123,xlmr,afrisenti,amh,250,123,0.5317049574830257,0.49511235753257343,80.45663905143738
xlmr_amh_100_456,xlmr,afrisenti,amh,100,456,0.5286776148954387,0.501311590452934,75.93851470947266
xlmr_amh_100_42,xlmr,afrisenti,amh,100,42,0.5312314230173445,0.4886802343533999,70.53526520729065
xlmr_amh_100_789,xlmr,afrisenti,amh,100,789,0.35394208272829575,0.022582591340654583,41.68247628211975
xlmr_amh_100_1024,xlmr,afrisenti,amh,100,1024,0.35394208272829575,0.022582591340654583,43.23574352264404
xlmr_amh_100_123,xlmr,afrisenti,amh,100,123,0.35394208272829575,0.022582591340654583,39.84991765022278
xlmr_swa_100_789,xlmr,afrisenti,swa,100,789,0.5322428853730911,0.5051894337280367,59.6478111743927
xlmr_swa_100_42,xlmr,afrisenti,swa,100,42,0.5066651812215162,0.4724922334986165,63.806002616882324
xlmr_swa_100_456,xlmr,afrisenti,swa,100,456,0.5401446734548423,0.5129313423514381,54.299562215805054
xlmr_swa_100_123,xlmr,afrisenti,swa,100,123,0.5360859124569047,0.49113908446992,54.378432512283325
xlmr_swa_100_1024,xlmr,afrisenti,swa,100,1024,0.4398110301794479,0.44231660092739594,29.21736979484558
