lang,scale,seed,classifier,best_feature_type,best_clf_params,val_f1,test_f1,n_train
lug,750,42,naive_bayes,char_3to5,{'alpha': 0.01},0.854164,0.864945,750
lug,500,42,naive_bayes,char_3to5,{'alpha': 0.01},0.822645,0.847676,500
lug,750,1024,naive_bayes,char_3to5,{'alpha': 0.01},0.837731,0.860387,750
lug,750,789,naive_bayes,char_3to5,{'alpha': 0.01},0.854164,0.86571,750
lug,500,456,naive_bayes,char_3to5,{'alpha': 0.01},0.852495,0.859676,500
lug,full,42,naive_bayes,char_3to5,{'alpha': 0.01},0.854164,0.865403,771
lug,500,1024,naive_bayes,char_3to5,{'alpha': 0.01},0.850335,0.85967,500
lug,750,123,naive_bayes,char_3to5,{'alpha': 0.01},0.853502,0.870518,750
lug,500,789,naive_bayes,char_3to5,{'alpha': 0.01},0.853748,0.859701,500
lug,250,789,naive_bayes,char_3to5,{'alpha': 0.01},0.81523,0.825696,250
lug,250,1024,naive_bayes,char_3to5,{'alpha': 0.01},0.794656,0.801244,250
lug,500,123,naive_bayes,char_3to5,{'alpha': 0.01},0.836123,0.840605,500
lug,750,456,naive_bayes,char_3to5,{'alpha': 0.01},0.84597,0.865403,750
lug,250,42,naive_bayes,char_3to5,{'alpha': 0.01},0.797209,0.835938,250
lug,250,456,naive_bayes,char_3to5,{'alpha': 0.01},0.821995,0.810262,250
lug,100,42,naive_bayes,word_unigram,{'alpha': 0.01},0.7573,0.797345,100
lug,250,123,naive_bayes,word_unigram,{'alpha': 0.01},0.779762,0.800661,250
lug,100,1024,naive_bayes,word_unigram,{'alpha': 0.01},0.720573,0.746208,100
lug,100,123,naive_bayes,char_3to5,{'alpha': 0.01},0.753508,0.738502,100
lug,100,789,naive_bayes,word_unigram,{'alpha': 0.01},0.736497,0.795875,100
lug,100,456,naive_bayes,word_unigram,{'alpha': 0.01},0.797495,0.784031,100
lug,750,456,svm,char_3to5,{'C': 1.0},0.907143,0.876818,750
lug,750,123,svm,char_3to5,{'C': 1.0},0.897913,0.877328,750
lug,500,456,svm,char_3to5,{'C': 10.0},0.87975,0.87159,500
lug,750,1024,svm,char_3to5,{'C': 1.0},0.897913,0.881261,750
lug,750,789,svm,char_3to5,{'C': 10.0},0.897913,0.885786,750
lug,500,1024,svm,char_3to5,{'C': 10.0},0.886822,0.863166,500
lug,full,42,svm,char_3to5,{'C': 1.0},0.897913,0.876818,771
lug,250,789,svm,char_3to5,{'C': 10.0},0.855705,0.865855,250
lug,100,456,svm,char_3to5,{'C': 100.0},0.779237,0.78986,100
lug,500,123,svm,char_3to5,{'C': 1.0},0.860852,0.870918,500
lug,100,123,svm,char_3to5,{'C': 100.0},0.771439,0.794035,100
lug,250,456,svm,char_3to5,{'C': 10.0},0.846744,0.849023,250
lug,750,42,svm,char_3to5,{'C': 1.0},0.897913,0.877328,750
lug,250,42,svm,char_3to5,{'C': 10.0},0.842506,0.855601,250
lug,250,123,svm,char_3to5,{'C': 100.0},0.822152,0.854926,250
lug,100,1024,svm,word_unigram,{'C': 10.0},0.690697,0.727196,100
lug,500,789,svm,char_3to5,{'C': 10.0},0.897831,0.890374,500
lug,500,42,svm,char_3to5,{'C': 100.0},0.896138,0.85635,500
lug,250,1024,svm,char_3to5,{'C': 100.0},0.833806,0.83535,250
lug,100,789,svm,char_3to5,{'C': 10.0},0.765575,0.793501,100
lug,100,42,svm,word_unigram,{'C': 10.0},0.735203,0.74002,100
lug,750,1024,xgboost,char_3to5,{'n_estimators': 500},0.842008,0.861712,750
lug,750,123,xgboost,char_3to5,{'n_estimators': 500},0.820653,0.830172,750
lug,full,42,xgboost,char_3to5,{'n_estimators': 300},0.820622,0.839259,771
lug,750,456,xgboost,char_3to5,{'n_estimators': 500},0.852555,0.847694,750
lug,750,42,xgboost,char_3to5,{'n_estimators': 500},0.823323,0.844081,750
lug,750,789,xgboost,char_3to5,{'n_estimators': 500},0.861125,0.849349,750
lug,500,42,xgboost,char_3to5,{'n_estimators': 200},0.803662,0.827829,500
lug,500,1024,xgboost,char_3to5,{'n_estimators': 100},0.800458,0.814979,500
lug,500,123,xgboost,char_3to5,{'n_estimators': 100},0.81137,0.813546,500
lug,500,789,xgboost,char_3to5,{'n_estimators': 500},0.834333,0.83937,500
lug,500,456,xgboost,char_3to5,{'n_estimators': 200},0.850483,0.829153,500
lug,250,1024,xgboost,char_3to5,{'n_estimators': 200},0.759599,0.795198,250
lug,250,456,xgboost,char_3to5,{'n_estimators': 500},0.745044,0.792013,250
lug,250,42,xgboost,char_3to5,{'n_estimators': 200},0.769307,0.788551,250
lug,250,789,xgboost,char_3to5,{'n_estimators': 100},0.759223,0.783643,250
lug,250,123,xgboost,char_3to5,{'n_estimators': 300},0.785151,0.774111,250
lug,100,123,xgboost,char_3to5,{'n_estimators': 200},0.692593,0.651651,100
lug,100,1024,xgboost,char_3to5,{'n_estimators': 200},0.662451,0.699832,100
lug,100,789,xgboost,char_3to5,{'n_estimators': 200},0.699596,0.698364,100
lug,100,456,xgboost,char_3to5,{'n_estimators': 200},0.690506,0.67341,100
lug,100,42,xgboost,char_3to5,{'n_estimators': 200},0.668398,0.678926,100
run,500,123,naive_bayes,char_3to5,{'alpha': 0.01},0.873751,0.836944,500
run,750,1024,naive_bayes,word_bigram,{'alpha': 0.01},0.891116,0.827852,750
run,500,42,naive_bayes,word_unigram,{'alpha': 0.01},0.884038,0.816229,500
run,750,456,naive_bayes,char_3to5,{'alpha': 0.01},0.889523,0.824282,750
run,500,456,naive_bayes,word_bigram,{'alpha': 0.01},0.876758,0.769325,500
run,full,42,naive_bayes,char_3to5,{'alpha': 0.01},0.907284,0.856784,1117
run,750,42,naive_bayes,char_3to5,{'alpha': 0.01},0.907284,0.837197,750
run,750,789,naive_bayes,word_bigram,{'alpha': 0.01},0.897527,0.844509,750
run,500,789,naive_bayes,word_bigram,{'alpha': 0.01},0.872686,0.802096,500
run,500,1024,naive_bayes,char_3to5,{'alpha': 0.01},0.894587,0.82363,500
run,250,123,naive_bayes,word_unigram,{'alpha': 0.01},0.824881,0.764609,250
run,750,123,naive_bayes,word_bigram,{'alpha': 0.01},0.894905,0.840625,750
run,100,1024,naive_bayes,word_unigram,{'alpha': 0.01},0.799178,0.75211,100
run,100,789,naive_bayes,word_unigram,{'alpha': 0.01},0.742082,0.723126,100
run,100,123,naive_bayes,word_unigram,{'alpha': 0.01},0.815506,0.739726,100
run,250,1024,naive_bayes,char_3to5,{'alpha': 0.01},0.842776,0.774457,250
run,250,42,naive_bayes,char_3to5,{'alpha': 0.01},0.787418,0.756305,250
run,100,456,naive_bayes,word_unigram,{'alpha': 0.01},0.762599,0.700869,100
run,250,789,naive_bayes,word_unigram,{'alpha': 0.01},0.842199,0.795116,250
run,250,456,naive_bayes,word_unigram,{'alpha': 0.01},0.826175,0.759991,250
run,100,42,naive_bayes,word_unigram,{'alpha': 0.01},0.73358,0.68844,100
run,750,789,svm,char_3to5,{'C': 100.0},0.920293,0.872265,750
run,full,42,svm,char_3to5,{'C': 10.0},0.923944,0.897344,1117
run,750,123,svm,char_3to5,{'C': 1.0},0.886388,0.849029,750
run,500,123,svm,char_3to5,{'C': 10.0},0.879638,0.857282,500
run,500,789,svm,word_unigram,{'C': 10.0},0.897083,0.839787,500
run,750,42,svm,word_unigram,{'C': 10.0},0.914643,0.849447,750
run,250,42,svm,char_3to5,{'C': 100.0},0.862605,0.813146,250
run,250,789,svm,char_3to5,{'C': 100.0},0.87284,0.813567,250
run,500,456,svm,char_3to5,{'C': 1.0},0.891526,0.83126,500
run,750,456,svm,char_3to5,{'C': 100.0},0.904021,0.853077,750
run,750,1024,svm,char_3to5,{'C': 1.0},0.912898,0.841525,750
run,500,1024,svm,char_3to5,{'C': 10.0},0.9029,0.859838,500
run,100,42,svm,char_3to5,{'C': 100.0},0.77855,0.752266,100
run,100,789,svm,char_3to5,{'C': 100.0},0.764353,0.772476,100
run,250,1024,svm,char_3to5,{'C': 10.0},0.904301,0.816871,250
run,500,42,svm,word_unigram,{'C': 100.0},0.907227,0.850704,500
run,100,456,svm,char_3to5,{'C': 10.0},0.766139,0.716319,100
run,250,456,svm,char_3to5,{'C': 10.0},0.897142,0.808888,250
run,100,1024,svm,char_3to5,{'C': 100.0},0.824251,0.765154,100
run,250,123,svm,char_3to5,{'C': 10.0},0.870356,0.823129,250
run,100,123,svm,word_unigram,{'C': 10.0},0.807338,0.721484,100
run,full,42,xgboost,char_3to5,{'n_estimators': 200},0.892173,0.860943,1117
run,750,123,xgboost,char_3to5,{'n_estimators': 200},0.877745,0.823607,750
run,750,1024,xgboost,char_3to5,{'n_estimators': 300},0.881856,0.843613,750
run,750,456,xgboost,char_3to5,{'n_estimators': 300},0.883932,0.813383,750
run,750,42,xgboost,word_unigram,{'n_estimators': 500},0.874218,0.801076,750
run,750,789,xgboost,word_bigram,{'n_estimators': 500},0.876824,0.776834,750
run,500,42,xgboost,char_3to5,{'n_estimators': 100},0.857742,0.814048,500
run,500,456,xgboost,char_3to5,{'n_estimators': 100},0.870841,0.795021,500
run,500,123,xgboost,char_3to5,{'n_estimators': 200},0.843248,0.808571,500
run,500,1024,xgboost,char_3to5,{'n_estimators': 200},0.872569,0.799095,500
run,500,789,xgboost,word_bigram,{'n_estimators': 200},0.840438,0.755694,500
run,250,42,xgboost,char_3to5,{'n_estimators': 300},0.802287,0.741152,250
run,250,1024,xgboost,char_3to5,{'n_estimators': 500},0.808914,0.783927,250
run,250,456,xgboost,char_3to5,{'n_estimators': 100},0.789964,0.72135,250
run,250,123,xgboost,char_3to5,{'n_estimators': 100},0.797437,0.768467,250
run,250,789,xgboost,word_bigram,{'n_estimators': 300},0.79167,0.713456,250
run,100,42,xgboost,char_3to5,{'n_estimators': 200},0.779602,0.72795,100
run,100,789,xgboost,char_3to5,{'n_estimators': 200},0.741354,0.685842,100
run,100,1024,xgboost,char_3to5,{'n_estimators': 200},0.735207,0.69741,100
run,100,123,xgboost,word_unigram,{'n_estimators': 100},0.770742,0.674064,100
run,100,456,xgboost,char_3to5,{'n_estimators': 200},0.757459,0.716605,100
sna,500,123,naive_bayes,word_bigram,{'alpha': 0.1},0.902573,0.902584,500
sna,full,42,naive_bayes,char_3to5,{'alpha': 0.1},0.897595,0.934989,1288
sna,500,456,naive_bayes,char_3to5,{'alpha': 0.1},0.902735,0.926743,500
sna,750,1024,naive_bayes,char_3to5,{'alpha': 0.1},0.897476,0.926535,750
sna,750,789,naive_bayes,word_unigram,{'alpha': 0.5},0.891888,0.907351,750
sna,750,42,naive_bayes,word_bigram,{'alpha': 0.1},0.896569,0.910687,750
sna,250,123,naive_bayes,char_3to5,{'alpha': 0.01},0.903108,0.910466,250
sna,750,456,naive_bayes,char_3to5,{'alpha': 0.1},0.897362,0.937489,750
sna,500,42,naive_bayes,word_unigram,{'alpha': 0.1},0.881381,0.91344,500
sna,750,123,naive_bayes,word_unigram,{'alpha': 0.1},0.90239,0.905217,750
sna,100,789,naive_bayes,char_3to5,{'alpha': 0.01},0.865306,0.915867,100
sna,100,123,naive_bayes,word_unigram,{'alpha': 0.1},0.908319,0.875006,100
sna,500,789,naive_bayes,word_bigram,{'alpha': 0.1},0.891555,0.918475,500
sna,250,1024,naive_bayes,word_unigram,{'alpha': 0.01},0.897279,0.901326,250
sna,500,1024,naive_bayes,word_unigram,{'alpha': 0.1},0.881448,0.91886,500
sna,250,42,naive_bayes,char_3to5,{'alpha': 0.01},0.88756,0.916012,250
sna,250,456,naive_bayes,word_unigram,{'alpha': 0.01},0.902047,0.901885,250
sna,100,456,naive_bayes,char_3to5,{'alpha': 0.1},0.874946,0.894606,100
sna,250,789,naive_bayes,word_unigram,{'alpha': 0.5},0.880732,0.902038,250
sna,100,1024,naive_bayes,word_unigram,{'alpha': 0.01},0.869844,0.885117,100
sna,100,42,naive_bayes,word_unigram,{'alpha': 0.1},0.848741,0.861435,100
sna,500,456,svm,char_3to5,{'C': 1.0},0.919007,0.937469,500
sna,500,42,svm,char_3to5,{'C': 10.0},0.892031,0.926592,500
sna,full,42,svm,word_bigram,{'C': 10.0},0.924103,0.915924,1288
sna,750,1024,svm,char_3to5,{'C': 10.0},0.903018,0.921285,750
sna,750,456,svm,char_3to5,{'C': 1.0},0.924061,0.942985,750
sna,100,1024,svm,char_3to5,{'C': 1.0},0.862041,0.881187,100
sna,750,789,svm,word_unigram,{'C': 100.0},0.891841,0.915761,750
sna,500,789,svm,char_3to5,{'C': 100.0},0.90294,0.92121,500
sna,750,123,svm,char_3to5,{'C': 100.0},0.918461,0.921062,750
sna,500,1024,svm,char_3to5,{'C': 10.0},0.90331,0.932141,500
sna,750,42,svm,word_bigram,{'C': 10.0},0.913409,0.921492,750
sna,250,789,svm,char_3to5,{'C': 10.0},0.886773,0.902105,250
sna,250,42,svm,char_3to5,{'C': 10.0},0.913343,0.915807,250
sna,250,456,svm,char_3to5,{'C': 10.0},0.90241,0.920863,250
sna,250,123,svm,char_3to5,{'C': 10.0},0.90296,0.915437,250
sna,500,123,svm,word_unigram,{'C': 10.0},0.918751,0.926674,500
sna,250,1024,svm,char_3to5,{'C': 1.0},0.886449,0.909602,250
sna,100,456,svm,char_3to5,{'C': 0.1},0.852804,0.893865,100
sna,100,789,svm,char_3to5,{'C': 1.0},0.891736,0.915646,100
sna,100,123,svm,char_3to5,{'C': 1.0},0.902643,0.886099,100
sna,100,42,svm,char_3to5,{'C': 1.0},0.864861,0.899626,100
sna,full,42,xgboost,char_3to5,{'n_estimators': 300},0.896829,0.912875,1288
sna,750,123,xgboost,char_3to5,{'n_estimators': 300},0.886648,0.910583,750
sna,750,456,xgboost,char_3to5,{'n_estimators': 300},0.896968,0.92091,750
sna,750,789,xgboost,char_3to5,{'n_estimators': 500},0.907993,0.910323,750
sna,750,1024,xgboost,char_3to5,{'n_estimators': 300},0.87004,0.907622,750
sna,750,42,xgboost,char_3to5,{'n_estimators': 300},0.902545,0.913127,750
sna,500,42,xgboost,char_3to5,{'n_estimators': 300},0.870181,0.883037,500
sna,500,1024,xgboost,char_3to5,{'n_estimators': 100},0.902999,0.907819,500
sna,500,123,xgboost,char_3to5,{'n_estimators': 100},0.87588,0.893468,500
sna,500,456,xgboost,char_3to5,{'n_estimators': 100},0.892044,0.899265,500
sna,500,789,xgboost,char_3to5,{'n_estimators': 100},0.892047,0.912911,500
sna,250,1024,xgboost,char_3to5,{'n_estimators': 300},0.881193,0.880611,250
sna,250,123,xgboost,char_3to5,{'n_estimators': 300},0.880706,0.875545,250
sna,250,42,xgboost,char_3to5,{'n_estimators': 100},0.870851,0.867292,250
sna,250,456,xgboost,char_3to5,{'n_estimators': 100},0.90824,0.883355,250
sna,250,789,xgboost,char_3to5,{'n_estimators': 100},0.848906,0.892453,250
sna,100,42,xgboost,char_3to5,{'n_estimators': 100},0.793899,0.802526,100
sna,100,789,xgboost,char_3to5,{'n_estimators': 100},0.782925,0.843553,100
sna,100,456,xgboost,char_3to5,{'n_estimators': 200},0.795559,0.838569,100
sna,100,123,xgboost,char_3to5,{'n_estimators': 200},0.794789,0.830869,100
sna,100,1024,xgboost,char_3to5,{'n_estimators': 100},0.806407,0.832788,100
swa,750,789,naive_bayes,char_3to5,{'alpha': 0.01},0.790873,0.771828,750
swa,full,42,naive_bayes,char_3to5,{'alpha': 0.01},0.801697,0.790273,1658
swa,750,123,naive_bayes,char_3to5,{'alpha': 0.01},0.765694,0.760077,750
swa,750,42,naive_bayes,char_3to5,{'alpha': 0.01},0.775982,0.770803,750
swa,500,789,naive_bayes,char_3to5,{'alpha': 0.01},0.746444,0.754263,500
swa,500,123,naive_bayes,char_3to5,{'alpha': 0.01},0.740571,0.737309,500
swa,500,1024,naive_bayes,char_3to5,{'alpha': 0.01},0.769631,0.749972,500
swa,750,1024,naive_bayes,word_bigram,{'alpha': 0.01},0.780449,0.764971,750
swa,750,456,naive_bayes,char_3to5,{'alpha': 0.01},0.796432,0.773955,750
swa,250,42,naive_bayes,word_bigram,{'alpha': 0.01},0.715149,0.715496,250
swa,500,456,naive_bayes,char_3to5,{'alpha': 0.01},0.77749,0.75666,500
swa,250,789,naive_bayes,word_bigram,{'alpha': 0.01},0.72274,0.723498,250
swa,250,1024,naive_bayes,word_bigram,{'alpha': 0.01},0.683863,0.685295,250
swa,100,1024,naive_bayes,word_unigram,{'alpha': 0.01},0.642825,0.663097,100
swa,100,42,naive_bayes,word_bigram,{'alpha': 0.01},0.635018,0.630498,100
swa,250,456,naive_bayes,char_3to5,{'alpha': 0.01},0.710998,0.705699,250
swa,250,123,naive_bayes,char_3to5,{'alpha': 0.01},0.692628,0.693388,250
swa,500,42,naive_bayes,word_bigram,{'alpha': 0.01},0.766401,0.776602,500
swa,100,789,naive_bayes,word_unigram,{'alpha': 0.01},0.670348,0.701352,100
swa,100,456,naive_bayes,word_unigram,{'alpha': 0.01},0.587455,0.607675,100
swa,100,123,naive_bayes,word_unigram,{'alpha': 0.01},0.651284,0.679649,100
swa,full,42,svm,char_3to5,{'C': 1.0},0.859225,0.825207,1658
swa,750,123,svm,word_unigram,{'C': 100.0},0.800452,0.80533,750
swa,750,1024,svm,word_bigram,{'C': 1.0},0.801962,0.788323,750
swa,750,456,svm,word_bigram,{'C': 100.0},0.826229,0.801985,750
swa,500,42,svm,char_3to5,{'C': 10.0},0.834555,0.795627,500
swa,500,1024,svm,char_3to5,{'C': 10.0},0.782393,0.780047,500
swa,750,42,svm,char_3to5,{'C': 1.0},0.827773,0.809139,750
swa,750,789,svm,word_unigram,{'C': 1.0},0.812867,0.817657,750
swa,500,789,svm,word_unigram,{'C': 10.0},0.811718,0.814578,500
swa,500,123,svm,word_unigram,{'C': 10.0},0.804617,0.793466,500
swa,500,456,svm,char_3to5,{'C': 10.0},0.811567,0.801363,500
swa,250,456,svm,char_3to5,{'C': 100.0},0.786613,0.761125,250
swa,100,42,svm,char_3to5,{'C': 100.0},0.711891,0.694278,100
swa,250,1024,svm,char_3to5,{'C': 10.0},0.742766,0.740295,250
swa,100,456,svm,char_3to5,{'C': 10.0},0.640867,0.68644,100
swa,250,789,svm,char_3to5,{'C': 10.0},0.781458,0.795124,250
swa,250,42,svm,char_3to5,{'C': 1.0},0.764037,0.781279,250
swa,100,789,svm,char_3to5,{'C': 100.0},0.748795,0.739181,100
swa,100,123,svm,word_unigram,{'C': 10.0},0.679824,0.694373,100
swa,250,123,svm,word_unigram,{'C': 100.0},0.75071,0.758114,250
swa,100,1024,svm,word_unigram,{'C': 100.0},0.70295,0.705432,100
swa,full,42,xgboost,char_3to5,{'n_estimators': 300},0.780082,0.78472,1658
swa,750,42,xgboost,char_3to5,{'n_estimators': 300},0.776136,0.755172,750
swa,750,1024,xgboost,word_unigram,{'n_estimators': 100},0.792384,0.758522,750
swa,750,789,xgboost,word_unigram,{'n_estimators': 100},0.71541,0.74754,750
swa,750,123,xgboost,char_3to5,{'n_estimators': 300},0.73934,0.753948,750
swa,750,456,xgboost,word_bigram,{'n_estimators': 100},0.751556,0.776886,750
swa,500,42,xgboost,char_3to5,{'n_estimators': 500},0.749684,0.707792,500
swa,500,789,xgboost,char_3to5,{'n_estimators': 500},0.737697,0.750476,500
swa,500,1024,xgboost,char_3to5,{'n_estimators': 100},0.734477,0.724077,500
swa,500,456,xgboost,char_3to5,{'n_estimators': 200},0.734544,0.73716,500
swa,500,123,xgboost,word_unigram,{'n_estimators': 300},0.712198,0.715148,500
swa,250,1024,xgboost,char_3to5,{'n_estimators': 500},0.641869,0.636554,250
swa,250,123,xgboost,char_3to5,{'n_estimators': 200},0.666179,0.702958,250
swa,250,42,xgboost,char_3to5,{'n_estimators': 100},0.711607,0.687942,250
swa,250,789,xgboost,char_3to5,{'n_estimators': 500},0.679374,0.679748,250
swa,250,456,xgboost,word_unigram,{'n_estimators': 100},0.653368,0.666369,250
swa,100,456,xgboost,char_3to5,{'n_estimators': 500},0.590592,0.608226,100
swa,100,42,xgboost,char_3to5,{'n_estimators': 500},0.603934,0.651086,100
swa,100,1024,xgboost,char_3to5,{'n_estimators': 100},0.562435,0.594065,100
swa,100,123,xgboost,char_3to5,{'n_estimators': 100},0.582892,0.606219,100
swa,100,789,xgboost,char_3to5,{'n_estimators': 200},0.608616,0.629344,100
amh,500,456,naive_bayes,char_3to5,{'alpha': 0.01},0.898978,0.904693,500
amh,750,123,naive_bayes,char_3to5,{'alpha': 0.01},0.887628,0.902069,750
amh,full,42,naive_bayes,word_unigram,{'alpha': 0.01},0.903902,0.904166,1311
amh,750,456,naive_bayes,word_bigram,{'alpha': 0.01},0.90465,0.902378,750
amh,750,42,naive_bayes,word_unigram,{'alpha': 0.01},0.908788,0.901495,750
amh,750,1024,naive_bayes,word_bigram,{'alpha': 0.01},0.887677,0.904209,750
amh,250,789,naive_bayes,char_3to5,{'alpha': 0.01},0.880389,0.880062,250
amh,750,789,naive_bayes,word_unigram,{'alpha': 0.01},0.909435,0.901287,750
amh,500,123,naive_bayes,word_bigram,{'alpha': 0.01},0.882834,0.899153,500
amh,250,456,naive_bayes,char_3to5,{'alpha': 0.01},0.887788,0.894328,250
amh,500,42,naive_bayes,word_unigram,{'alpha': 0.01},0.898991,0.898379,500
amh,250,42,naive_bayes,word_unigram,{'alpha': 0.01},0.904378,0.877901,250
amh,250,123,naive_bayes,char_3to5,{'alpha': 0.01},0.888223,0.888815,250
amh,500,1024,naive_bayes,word_unigram,{'alpha': 0.01},0.882146,0.903782,500
amh,500,789,naive_bayes,char_3to5,{'alpha': 0.01},0.893803,0.891489,500
amh,100,1024,naive_bayes,char_3to5,{'alpha': 0.01},0.82659,0.851258,100
amh,100,456,naive_bayes,char_3to5,{'alpha': 0.01},0.872187,0.849804,100
amh,100,789,naive_bayes,char_3to5,{'alpha': 0.01},0.847407,0.845208,100
amh,100,123,naive_bayes,char_3to5,{'alpha': 0.01},0.857768,0.864668,100
amh,250,1024,naive_bayes,char_3to5,{'alpha': 0.01},0.870343,0.879714,250
amh,100,42,naive_bayes,word_unigram,{'alpha': 0.01},0.899371,0.857309,100
amh,full,42,svm,char_3to5,{'C': 10.0},0.925307,0.92057,1311
amh,750,1024,svm,word_bigram,{'C': 10.0},0.914518,0.896268,750
amh,750,123,svm,char_3to5,{'C': 10.0},0.898699,0.917472,750
amh,750,789,svm,char_3to5,{'C': 1.0},0.903843,0.912266,750
amh,500,1024,svm,word_unigram,{'C': 10.0},0.897564,0.89031,500
amh,500,42,svm,char_3to5,{'C': 1.0},0.897804,0.906787,500
amh,750,42,svm,char_3to5,{'C': 10.0},0.914579,0.917827,750
amh,750,456,svm,word_bigram,{'C': 10.0},0.920593,0.904273,750
amh,500,789,svm,word_unigram,{'C': 1.0},0.908361,0.890178,500
amh,250,456,svm,char_3to5,{'C': 100.0},0.8816,0.88611,250
amh,250,123,svm,char_3to5,{'C': 100.0},0.893803,0.893459,250
amh,500,456,svm,word_unigram,{'C': 10.0},0.903694,0.89901,500
amh,500,123,svm,char_3to5,{'C': 10.0},0.893744,0.917631,500
amh,250,789,svm,char_3to5,{'C': 100.0},0.881213,0.879927,250
amh,250,42,svm,char_3to5,{'C': 100.0},0.893023,0.896223,250
amh,100,789,svm,char_3to5,{'C': 10.0},0.823194,0.852639,100
amh,100,1024,svm,char_3to5,{'C': 10.0},0.801276,0.856697,100
amh,100,123,svm,word_bigram,{'C': 10.0},0.852111,0.843581,100
amh,100,456,svm,char_3to5,{'C': 1.0},0.864844,0.851982,100
amh,250,1024,svm,char_3to5,{'C': 10.0},0.876088,0.903204,250
amh,100,42,svm,char_3to5,{'C': 10.0},0.873389,0.862867,100
amh,full,42,xgboost,word_bigram,{'n_estimators': 100},0.864744,0.867658,1311
amh,750,123,xgboost,char_3to5,{'n_estimators': 100},0.846464,0.878328,750
amh,750,1024,xgboost,word_bigram,{'n_estimators': 500},0.849818,0.836694,750
amh,750,789,xgboost,word_unigram,{'n_estimators': 300},0.852867,0.863001,750
amh,750,456,xgboost,char_3to5,{'n_estimators': 200},0.857864,0.876219,750
amh,750,42,xgboost,char_3to5,{'n_estimators': 100},0.831947,0.856601,750
amh,500,123,xgboost,char_3to5,{'n_estimators': 500},0.82812,0.849212,500
amh,500,42,xgboost,char_3to5,{'n_estimators': 100},0.825445,0.851794,500
amh,500,456,xgboost,char_3to5,{'n_estimators': 100},0.837962,0.86412,500
amh,500,789,xgboost,word_unigram,{'n_estimators': 500},0.831461,0.827191,500
amh,500,1024,xgboost,char_3to5,{'n_estimators': 300},0.841975,0.860122,500
amh,250,456,xgboost,char_3to5,{'n_estimators': 500},0.800927,0.845104,250
amh,250,1024,xgboost,char_3to5,{'n_estimators': 100},0.806843,0.852802,250
amh,250,123,xgboost,char_3to5,{'n_estimators': 200},0.806662,0.830688,250
amh,250,789,xgboost,word_unigram,{'n_estimators': 100},0.783715,0.81043,250
amh,250,42,xgboost,char_3to5,{'n_estimators': 300},0.809001,0.840244,250
amh,100,1024,xgboost,word_unigram,{'n_estimators': 200},0.6615,0.708666,100
amh,100,789,xgboost,char_3to5,{'n_estimators': 100},0.768797,0.806511,100
amh,100,456,xgboost,char_3to5,{'n_estimators': 500},0.766658,0.791568,100
amh,100,123,xgboost,char_3to5,{'n_estimators': 200},0.693295,0.770001,100
amh,100,42,xgboost,char_3to5,{'n_estimators': 500},0.680182,0.713371,100
ibo,750,1024,naive_bayes,char_3to5,{'alpha': 0.01},0.819319,0.797509,750
ibo,500,123,naive_bayes,char_3to5,{'alpha': 0.01},0.810561,0.774192,500
ibo,500,42,naive_bayes,char_3to5,{'alpha': 0.01},0.785933,0.774143,500
ibo,500,789,naive_bayes,char_3to5,{'alpha': 0.01},0.774008,0.779343,500
ibo,500,456,naive_bayes,char_3to5,{'alpha': 0.01},0.795469,0.800926,500
ibo,full,42,naive_bayes,char_3to5,{'alpha': 0.01},0.8201,0.8035,1356
ibo,750,456,naive_bayes,char_3to5,{'alpha': 0.01},0.800837,0.804589,750
ibo,250,789,naive_bayes,char_3to5,{'alpha': 0.01},0.754491,0.749696,250
ibo,750,123,naive_bayes,char_3to5,{'alpha': 0.01},0.81722,0.788727,750
ibo,100,123,naive_bayes,char_3to5,{'alpha': 0.01},0.651788,0.58163,100
ibo,100,1024,naive_bayes,word_unigram,{'alpha': 0.01},0.738539,0.672655,100
ibo,500,1024,naive_bayes,char_3to5,{'alpha': 0.01},0.779728,0.784748,500
ibo,750,789,naive_bayes,char_3to5,{'alpha': 0.01},0.8005,0.800383,750
ibo,100,789,naive_bayes,word_bigram,{'alpha': 0.01},0.671643,0.635557,100
ibo,100,456,naive_bayes,word_unigram,{'alpha': 0.01},0.684593,0.709159,100
ibo,250,42,naive_bayes,char_3to5,{'alpha': 0.01},0.729091,0.729487,250
ibo,250,456,naive_bayes,char_3to5,{'alpha': 0.01},0.748145,0.741411,250
ibo,250,123,naive_bayes,char_3to5,{'alpha': 0.01},0.746107,0.685715,250
ibo,750,42,naive_bayes,char_3to5,{'alpha': 0.01},0.806415,0.792032,750
ibo,250,1024,naive_bayes,char_3to5,{'alpha': 0.01},0.758105,0.732034,250
ibo,100,42,naive_bayes,word_unigram,{'alpha': 0.01},0.711632,0.678995,100
ibo,250,456,svm,char_3to5,{'C': 100.0},0.811886,0.782854,250
ibo,750,456,svm,char_3to5,{'C': 1.0},0.851959,0.818233,750
ibo,full,42,svm,char_3to5,{'C': 1.0},0.8611,0.828734,1356
ibo,750,789,svm,char_3to5,{'C': 10.0},0.835705,0.818414,750
ibo,750,1024,svm,char_3to5,{'C': 10.0},0.854931,0.81033,750
ibo,500,123,svm,char_3to5,{'C': 1.0},0.833899,0.795168,500
ibo,750,42,svm,char_3to5,{'C': 1.0},0.850608,0.812493,750
ibo,750,123,svm,char_3to5,{'C': 1.0},0.854869,0.82078,750
ibo,500,456,svm,char_3to5,{'C': 1.0},0.852197,0.824527,500
ibo,250,42,svm,char_3to5,{'C': 100.0},0.80344,0.75436,250
ibo,500,789,svm,char_3to5,{'C': 1.0},0.84086,0.809726,500
ibo,500,42,svm,word_unigram,{'C': 10.0},0.823728,0.776745,500
ibo,500,1024,svm,char_3to5,{'C': 10.0},0.83497,0.791281,500
ibo,250,789,svm,char_3to5,{'C': 10.0},0.806363,0.795322,250
ibo,250,123,svm,char_3to5,{'C': 10.0},0.802525,0.762174,250
ibo,100,789,svm,word_unigram,{'C': 100.0},0.740977,0.687831,100
ibo,100,42,svm,char_3to5,{'C': 1.0},0.768858,0.699303,100
ibo,100,123,svm,char_3to5,{'C': 10.0},0.714037,0.641637,100
ibo,100,456,svm,char_3to5,{'C': 100.0},0.7678,0.719148,100
ibo,250,1024,svm,word_unigram,{'C': 10.0},0.813856,0.768152,250
ibo,100,1024,svm,word_unigram,{'C': 10.0},0.754124,0.719898,100
ibo,full,42,xgboost,word_bigram,{'n_estimators': 100},0.834502,0.768033,1356
ibo,750,456,xgboost,char_3to5,{'n_estimators': 200},0.814813,0.782644,750
ibo,750,42,xgboost,char_3to5,{'n_estimators': 500},0.815079,0.763694,750
ibo,750,123,xgboost,char_3to5,{'n_estimators': 100},0.812398,0.792602,750
ibo,750,1024,xgboost,word_bigram,{'n_estimators': 500},0.801781,0.716474,750
ibo,750,789,xgboost,word_unigram,{'n_estimators': 100},0.797946,0.758066,750
ibo,500,456,xgboost,char_3to5,{'n_estimators': 500},0.739558,0.732673,500
ibo,500,123,xgboost,char_3to5,{'n_estimators': 200},0.832771,0.765568,500
ibo,500,1024,xgboost,char_3to5,{'n_estimators': 500},0.763229,0.755709,500
ibo,500,42,xgboost,char_3to5,{'n_estimators': 100},0.774346,0.708911,500
ibo,500,789,xgboost,char_3to5,{'n_estimators': 200},0.776535,0.781201,500
ibo,250,456,xgboost,char_3to5,{'n_estimators': 100},0.733394,0.674399,250
ibo,250,789,xgboost,char_3to5,{'n_estimators': 200},0.741422,0.732379,250
ibo,250,42,xgboost,word_unigram,{'n_estimators': 300},0.714728,0.655681,250
ibo,250,1024,xgboost,word_bigram,{'n_estimators': 500},0.718571,0.631427,250
ibo,250,123,xgboost,char_3to5,{'n_estimators': 100},0.731956,0.677409,250
ibo,100,456,xgboost,char_3to5,{'n_estimators': 500},0.609712,0.546911,100
ibo,100,789,xgboost,char_3to5,{'n_estimators': 200},0.668958,0.610047,100
ibo,100,42,xgboost,char_3to5,{'n_estimators': 200},0.652317,0.58778,100
ibo,100,123,xgboost,char_3to5,{'n_estimators': 200},0.607896,0.586839,100
ibo,100,1024,xgboost,char_3to5,{'n_estimators': 200},0.572396,0.590144,100
yor,250,42,naive_bayes,char_3to5,{'alpha': 0.01},0.821366,0.843141,250
yor,full,42,naive_bayes,word_unigram,{'alpha': 0.01},0.878052,0.878459,1433
yor,500,456,naive_bayes,word_unigram,{'alpha': 0.01},0.825719,0.84913,500
yor,750,1024,naive_bayes,word_unigram,{'alpha': 0.01},0.848935,0.851379,750
yor,500,123,naive_bayes,word_bigram,{'alpha': 0.01},0.842821,0.83799,500
yor,500,1024,naive_bayes,char_3to5,{'alpha': 0.01},0.838618,0.876154,500
yor,500,789,naive_bayes,char_3to5,{'alpha': 0.01},0.87752,0.870995,500
yor,750,456,naive_bayes,char_3to5,{'alpha': 0.01},0.861696,0.893192,750
yor,750,789,naive_bayes,word_unigram,{'alpha': 0.01},0.868904,0.849069,750
yor,100,42,naive_bayes,char_3to5,{'alpha': 0.01},0.760609,0.783715,100
yor,250,456,naive_bayes,word_unigram,{'alpha': 0.01},0.801913,0.828605,250
yor,100,1024,naive_bayes,word_unigram,{'alpha': 0.01},0.764353,0.765704,100
yor,750,123,naive_bayes,word_unigram,{'alpha': 0.01},0.829836,0.839357,750
yor,750,42,naive_bayes,word_unigram,{'alpha': 0.01},0.855311,0.861766,750
yor,250,123,naive_bayes,word_bigram,{'alpha': 0.01},0.820464,0.811385,250
yor,500,42,naive_bayes,word_unigram,{'alpha': 0.01},0.845413,0.845033,500
yor,250,1024,naive_bayes,char_3to5,{'alpha': 0.01},0.823795,0.856709,250
yor,100,456,naive_bayes,word_bigram,{'alpha': 0.01},0.738299,0.765005,100
yor,250,789,naive_bayes,word_unigram,{'alpha': 0.01},0.832919,0.818528,250
yor,100,789,naive_bayes,word_unigram,{'alpha': 0.01},0.756834,0.736379,100
yor,100,123,naive_bayes,word_unigram,{'alpha': 0.01},0.75472,0.781521,100
yor,500,456,svm,char_3to5,{'C': 1.0},0.872179,0.887869,500
yor,750,123,svm,char_3to5,{'C': 1.0},0.90642,0.88813,750
yor,full,42,svm,char_3to5,{'C': 10.0},0.911664,0.90043,1433
yor,750,1024,svm,char_3to5,{'C': 1.0},0.90098,0.890086,750
yor,750,789,svm,char_3to5,{'C': 100.0},0.902847,0.88753,750
yor,500,123,svm,char_3to5,{'C': 10.0},0.89728,0.883312,500
yor,250,1024,svm,char_3to5,{'C': 10.0},0.8606,0.864096,250
yor,750,456,svm,char_3to5,{'C': 10.0},0.90151,0.900214,750
yor,500,789,svm,word_bigram,{'C': 1.0},0.879023,0.858065,500
yor,750,42,svm,char_3to5,{'C': 10.0},0.921489,0.900009,750
yor,500,1024,svm,char_3to5,{'C': 1.0},0.884912,0.885733,500
yor,250,42,svm,char_3to5,{'C': 100.0},0.840932,0.873602,250
yor,100,1024,svm,word_unigram,{'C': 100.0},0.802357,0.799624,100
yor,500,42,svm,word_unigram,{'C': 100.0},0.906974,0.878901,500
yor,100,42,svm,char_3to5,{'C': 100.0},0.803857,0.79259,100
yor,250,123,svm,word_unigram,{'C': 100.0},0.867222,0.86233,250
yor,100,456,svm,word_unigram,{'C': 1.0},0.805768,0.795169,100
yor,250,456,svm,word_unigram,{'C': 10.0},0.871876,0.867689,250
yor,250,789,svm,word_unigram,{'C': 10.0},0.87659,0.870959,250
yor,100,123,svm,word_unigram,{'C': 1.0},0.79464,0.808438,100
yor,100,789,svm,word_unigram,{'C': 100.0},0.812478,0.789263,100
yor,full,42,xgboost,word_unigram,{'n_estimators': 200},0.864915,0.86587,1433
yor,750,789,xgboost,char_3to5,{'n_estimators': 500},0.841226,0.873808,750
yor,750,456,xgboost,char_3to5,{'n_estimators': 500},0.856303,0.863078,750
yor,750,1024,xgboost,char_3to5,{'n_estimators': 300},0.842108,0.858605,750
yor,750,123,xgboost,word_bigram,{'n_estimators': 100},0.845168,0.835525,750
yor,750,42,xgboost,word_bigram,{'n_estimators': 200},0.859144,0.845175,750
yor,500,42,xgboost,char_3to5,{'n_estimators': 500},0.842494,0.825086,500
yor,500,123,xgboost,char_3to5,{'n_estimators': 100},0.853758,0.838742,500
yor,500,456,xgboost,word_unigram,{'n_estimators': 100},0.833822,0.819441,500
yor,500,1024,xgboost,char_3to5,{'n_estimators': 500},0.836611,0.83905,500
yor,500,789,xgboost,word_bigram,{'n_estimators': 500},0.846664,0.835195,500
yor,250,1024,xgboost,char_3to5,{'n_estimators': 500},0.844869,0.830081,250
yor,250,456,xgboost,word_unigram,{'n_estimators': 200},0.799753,0.803812,250
yor,250,123,xgboost,char_3to5,{'n_estimators': 200},0.833255,0.818529,250
yor,250,789,xgboost,char_3to5,{'n_estimators': 300},0.836252,0.820729,250
yor,250,42,xgboost,char_3to5,{'n_estimators': 500},0.844364,0.791698,250
yor,100,456,xgboost,char_3to5,{'n_estimators': 200},0.744297,0.74165,100
yor,100,789,xgboost,char_3to5,{'n_estimators': 100},0.77184,0.719314,100
yor,100,42,xgboost,char_3to5,{'n_estimators': 100},0.747458,0.733817,100
yor,100,1024,xgboost,char_3to5,{'n_estimators': 300},0.736702,0.764633,100
yor,100,123,xgboost,char_3to5,{'n_estimators': 300},0.746333,0.780953,100
orm,full,42,naive_bayes,char_3to5,{'alpha': 0.01},0.901298,0.87016,1128
orm,750,456,naive_bayes,char_3to5,{'alpha': 0.01},0.903335,0.844446,750
orm,750,1024,naive_bayes,char_3to5,{'alpha': 0.01},0.9001,0.851611,750
orm,500,42,naive_bayes,char_3to5,{'alpha': 0.01},0.88121,0.840554,500
orm,500,1024,naive_bayes,char_3to5,{'alpha': 0.01},0.885522,0.831505,500
orm,500,456,naive_bayes,char_3to5,{'alpha': 0.01},0.875282,0.848709,500
orm,750,789,naive_bayes,char_3to5,{'alpha': 0.01},0.90651,0.853661,750
orm,750,42,naive_bayes,char_3to5,{'alpha': 0.01},0.879247,0.864441,750
orm,750,123,naive_bayes,char_3to5,{'alpha': 0.01},0.861472,0.863683,750
orm,250,1024,naive_bayes,char_3to5,{'alpha': 0.01},0.812616,0.775911,250
orm,250,123,naive_bayes,word_unigram,{'alpha': 0.01},0.832909,0.77482,250
orm,500,789,naive_bayes,char_3to5,{'alpha': 0.01},0.88169,0.827791,500
orm,250,789,naive_bayes,char_3to5,{'alpha': 0.01},0.830519,0.78399,250
orm,100,456,naive_bayes,word_unigram,{'alpha': 0.01},0.821495,0.758412,100
orm,100,789,naive_bayes,word_unigram,{'alpha': 0.01},0.746852,0.707384,100
orm,500,123,naive_bayes,char_3to5,{'alpha': 0.01},0.858192,0.839436,500
orm,250,456,naive_bayes,char_3to5,{'alpha': 0.01},0.828404,0.790382,250
orm,100,123,naive_bayes,word_unigram,{'alpha': 0.01},0.81939,0.754752,100
orm,250,42,naive_bayes,word_unigram,{'alpha': 0.01},0.827003,0.768255,250
orm,100,1024,naive_bayes,char_3to5,{'alpha': 0.01},0.744902,0.70649,100
orm,100,42,naive_bayes,word_unigram,{'alpha': 0.01},0.806106,0.761214,100
orm,full,42,svm,char_3to5,{'C': 10.0},0.922596,0.897263,1128
orm,750,123,svm,char_3to5,{'C': 10.0},0.910141,0.882005,750
orm,750,1024,svm,char_3to5,{'C': 10.0},0.919006,0.889255,750
orm,750,42,svm,char_3to5,{'C': 10.0},0.910389,0.886094,750
orm,750,789,svm,char_3to5,{'C': 10.0},0.922024,0.892876,750
orm,750,456,svm,char_3to5,{'C': 10.0},0.922601,0.870099,750
orm,500,789,svm,char_3to5,{'C': 100.0},0.909027,0.864068,500
orm,100,123,svm,char_3to5,{'C': 100.0},0.808355,0.77083,100
orm,500,1024,svm,char_3to5,{'C': 10.0},0.899886,0.854593,500
orm,250,789,svm,char_3to5,{'C': 10.0},0.862575,0.825889,250
orm,250,1024,svm,char_3to5,{'C': 100.0},0.842506,0.815183,250
orm,500,456,svm,char_3to5,{'C': 100.0},0.893919,0.857617,500
orm,500,123,svm,char_3to5,{'C': 10.0},0.900532,0.863616,500
orm,500,42,svm,char_3to5,{'C': 10.0},0.885534,0.871747,500
orm,250,456,svm,char_3to5,{'C': 10.0},0.841147,0.827138,250
orm,100,1024,svm,char_3to5,{'C': 10.0},0.771873,0.77677,100
orm,250,42,svm,char_3to5,{'C': 10.0},0.840859,0.833136,250
orm,250,123,svm,char_3to5,{'C': 100.0},0.856968,0.85833,250
orm,100,789,svm,char_3to5,{'C': 10.0},0.757187,0.747095,100
orm,100,42,svm,char_3to5,{'C': 10.0},0.802979,0.802674,100
orm,100,456,svm,char_3to5,{'C': 100.0},0.798124,0.780419,100
orm,750,456,xgboost,char_3to5,{'n_estimators': 300},0.85742,0.835833,750
orm,full,42,xgboost,char_3to5,{'n_estimators': 200},0.895106,0.857403,1128
orm,750,789,xgboost,char_3to5,{'n_estimators': 300},0.872586,0.832161,750
orm,750,123,xgboost,char_3to5,{'n_estimators': 500},0.867913,0.837019,750
orm,750,42,xgboost,char_3to5,{'n_estimators': 200},0.88063,0.862524,750
orm,750,1024,xgboost,char_3to5,{'n_estimators': 200},0.856561,0.824809,750
orm,500,42,xgboost,char_3to5,{'n_estimators': 500},0.867375,0.838486,500
orm,500,456,xgboost,char_3to5,{'n_estimators': 500},0.83494,0.794951,500
orm,500,789,xgboost,char_3to5,{'n_estimators': 500},0.846166,0.822944,500
orm,500,123,xgboost,char_3to5,{'n_estimators': 200},0.854406,0.81915,500
orm,500,1024,xgboost,char_3to5,{'n_estimators': 100},0.835548,0.797588,500
orm,250,123,xgboost,char_3to5,{'n_estimators': 300},0.83976,0.797385,250
orm,250,789,xgboost,char_3to5,{'n_estimators': 100},0.803198,0.750047,250
orm,250,42,xgboost,word_unigram,{'n_estimators': 100},0.815504,0.761967,250
orm,250,1024,xgboost,char_3to5,{'n_estimators': 100},0.779617,0.747911,250
orm,250,456,xgboost,word_bigram,{'n_estimators': 500},0.796263,0.733931,250
orm,100,123,xgboost,char_3to5,{'n_estimators': 200},0.780553,0.701913,100
orm,100,456,xgboost,char_3to5,{'n_estimators': 500},0.749844,0.689097,100
orm,100,1024,xgboost,char_3to5,{'n_estimators': 100},0.748921,0.706804,100
orm,100,789,xgboost,char_3to5,{'n_estimators': 200},0.748487,0.71536,100
orm,100,42,xgboost,char_3to5,{'n_estimators': 200},0.757335,0.723136,100
pcm,full,42,naive_bayes,char_3to5,{'alpha': 0.01},0.926812,0.921906,1060
pcm,750,123,naive_bayes,char_3to5,{'alpha': 0.01},0.919068,0.921793,750
pcm,750,1024,naive_bayes,word_unigram,{'alpha': 0.01},0.917805,0.944598,750
pcm,750,789,naive_bayes,char_3to5,{'alpha': 0.01},0.910416,0.931461,750
pcm,750,456,naive_bayes,char_3to5,{'alpha': 0.01},0.917185,0.934471,750
pcm,500,1024,naive_bayes,word_unigram,{'alpha': 0.01},0.905369,0.94069,500
pcm,500,123,naive_bayes,char_3to5,{'alpha': 0.01},0.911618,0.931219,500
pcm,750,42,naive_bayes,word_unigram,{'alpha': 0.01},0.904284,0.934932,750
pcm,500,456,naive_bayes,word_unigram,{'alpha': 0.01},0.915823,0.92281,500
pcm,500,789,naive_bayes,word_unigram,{'alpha': 0.01},0.906582,0.92687,500
pcm,500,42,naive_bayes,char_3to5,{'alpha': 0.01},0.894508,0.917445,500
pcm,250,789,naive_bayes,char_3to5,{'alpha': 0.01},0.889362,0.918343,250
pcm,100,789,naive_bayes,word_unigram,{'alpha': 0.01},0.852866,0.858078,100
pcm,250,1024,naive_bayes,word_unigram,{'alpha': 0.01},0.901648,0.904814,250
pcm,250,456,naive_bayes,word_unigram,{'alpha': 0.01},0.878258,0.906297,250
pcm,100,456,naive_bayes,word_unigram,{'alpha': 0.01},0.887258,0.88696,100
pcm,250,123,naive_bayes,word_bigram,{'alpha': 0.01},0.887012,0.89739,250
pcm,250,42,naive_bayes,word_unigram,{'alpha': 0.01},0.883496,0.919467,250
pcm,100,1024,naive_bayes,word_unigram,{'alpha': 0.01},0.894109,0.897559,100
pcm,100,123,naive_bayes,char_3to5,{'alpha': 0.01},0.87894,0.855215,100
pcm,100,42,naive_bayes,word_unigram,{'alpha': 0.01},0.858487,0.898382,100
pcm,full,42,svm,char_3to5,{'C': 100.0},0.937607,0.96725,1060
pcm,750,1024,svm,word_unigram,{'C': 10.0},0.938061,0.973776,750
pcm,750,789,svm,word_unigram,{'C': 1.0},0.929243,0.95032,750
pcm,750,123,svm,char_3to5,{'C': 10.0},0.945924,0.953765,750
pcm,750,42,svm,word_unigram,{'C': 10.0},0.937651,0.966849,750
pcm,500,1024,svm,word_unigram,{'C': 1.0},0.916475,0.956855,500
pcm,500,123,svm,char_3to5,{'C': 10.0},0.928925,0.956705,500
pcm,750,456,svm,word_unigram,{'C': 10.0},0.922554,0.957167,750
pcm,500,42,svm,word_unigram,{'C': 10.0},0.922962,0.960424,500
pcm,250,1024,svm,char_3to5,{'C': 10.0},0.906317,0.931039,250
pcm,500,789,svm,char_3to5,{'C': 10.0},0.922468,0.941707,500
pcm,500,456,svm,word_unigram,{'C': 10.0},0.923164,0.9528,500
pcm,250,789,svm,char_3to5,{'C': 100.0},0.91977,0.923487,250
pcm,250,456,svm,word_unigram,{'C': 10.0},0.88828,0.921909,250
pcm,250,123,svm,char_3to5,{'C': 10.0},0.921864,0.93175,250
pcm,100,123,svm,char_3to5,{'C': 100.0},0.871576,0.894563,100
pcm,250,42,svm,word_unigram,{'C': 10.0},0.897003,0.939256,250
pcm,100,1024,svm,word_unigram,{'C': 10.0},0.893265,0.891672,100
pcm,100,42,svm,char_3to5,{'C': 100.0},0.871515,0.915888,100
pcm,100,789,svm,char_3to5,{'C': 10.0},0.857532,0.873007,100
pcm,100,456,svm,word_unigram,{'C': 10.0},0.868796,0.882584,100
pcm,full,42,xgboost,word_bigram,{'n_estimators': 100},0.911522,0.943012,1060
pcm,750,456,xgboost,char_3to5,{'n_estimators': 500},0.916385,0.932634,750
pcm,750,1024,xgboost,word_unigram,{'n_estimators': 100},0.897461,0.926736,750
pcm,750,789,xgboost,word_unigram,{'n_estimators': 100},0.911339,0.932589,750
pcm,750,42,xgboost,word_unigram,{'n_estimators': 300},0.886481,0.929524,750
pcm,750,123,xgboost,word_unigram,{'n_estimators': 100},0.911703,0.932676,750
pcm,500,456,xgboost,char_3to5,{'n_estimators': 100},0.864802,0.918602,500
pcm,500,123,xgboost,char_3to5,{'n_estimators': 100},0.902337,0.917959,500
pcm,500,42,xgboost,word_unigram,{'n_estimators': 200},0.869542,0.892177,500
pcm,500,1024,xgboost,word_bigram,{'n_estimators': 500},0.899221,0.896444,500
pcm,500,789,xgboost,word_unigram,{'n_estimators': 300},0.902239,0.894284,500
pcm,250,42,xgboost,word_unigram,{'n_estimators': 100},0.835557,0.862561,250
pcm,250,123,xgboost,char_3to5,{'n_estimators': 200},0.84981,0.879133,250
pcm,250,456,xgboost,word_bigram,{'n_estimators': 300},0.833912,0.857359,250
pcm,250,1024,xgboost,word_unigram,{'n_estimators': 500},0.855297,0.899512,250
pcm,250,789,xgboost,word_unigram,{'n_estimators': 200},0.85535,0.871159,250
pcm,100,789,xgboost,char_3to5,{'n_estimators': 100},0.809903,0.824136,100
pcm,100,123,xgboost,char_3to5,{'n_estimators': 200},0.764706,0.826735,100
pcm,100,1024,xgboost,char_3to5,{'n_estimators': 200},0.768355,0.80222,100
pcm,100,42,xgboost,word_bigram,{'n_estimators': 200},0.758053,0.808576,100
pcm,100,456,xgboost,char_3to5,{'n_estimators': 100},0.749793,0.806121,100
hau,750,456,naive_bayes,word_unigram,{'alpha': 0.01},0.879818,0.866384,750
hau,full,42,naive_bayes,word_bigram,{'alpha': 0.01},0.893281,0.873115,2219
hau,750,1024,naive_bayes,word_bigram,{'alpha': 0.01},0.895539,0.838352,750
hau,750,42,naive_bayes,word_bigram,{'alpha': 0.01},0.885168,0.847554,750
hau,250,123,naive_bayes,word_unigram,{'alpha': 0.01},0.832672,0.814286,250
hau,750,123,naive_bayes,word_bigram,{'alpha': 0.01},0.882601,0.849034,750
hau,750,789,naive_bayes,word_bigram,{'alpha': 0.01},0.888941,0.84307,750
hau,250,42,naive_bayes,word_unigram,{'alpha': 0.01},0.865357,0.820421,250
hau,500,789,naive_bayes,word_bigram,{'alpha': 0.01},0.868717,0.828089,500
hau,500,123,naive_bayes,char_3to5,{'alpha': 0.01},0.847178,0.83907,500
hau,500,42,naive_bayes,word_unigram,{'alpha': 0.01},0.873249,0.854489,500
hau,500,456,naive_bayes,char_3to5,{'alpha': 0.01},0.86381,0.8422,500
hau,500,1024,naive_bayes,word_bigram,{'alpha': 0.01},0.862853,0.822449,500
hau,250,1024,naive_bayes,word_unigram,{'alpha': 0.01},0.8064,0.805861,250
hau,250,789,naive_bayes,word_unigram,{'alpha': 0.01},0.830218,0.806843,250
hau,100,123,naive_bayes,word_unigram,{'alpha': 0.01},0.804168,0.771501,100
hau,100,42,naive_bayes,word_unigram,{'alpha': 0.01},0.813631,0.798401,100
hau,100,1024,naive_bayes,word_unigram,{'alpha': 0.01},0.752431,0.752818,100
hau,100,456,naive_bayes,word_unigram,{'alpha': 0.01},0.762602,0.768131,100
hau,250,456,naive_bayes,word_unigram,{'alpha': 0.01},0.818435,0.81009,250
hau,100,789,naive_bayes,word_unigram,{'alpha': 0.01},0.751734,0.72913,100
hau,full,42,svm,word_bigram,{'C': 10.0},0.908607,0.879107,2219
hau,500,42,svm,char_3to5,{'C': 1.0},0.881758,0.872251,500
hau,750,456,svm,char_3to5,{'C': 1.0},0.88765,0.890489,750
hau,500,123,svm,word_unigram,{'C': 10.0},0.877484,0.861717,500
hau,750,123,svm,char_3to5,{'C': 1.0},0.896183,0.876829,750
hau,750,789,svm,char_3to5,{'C': 1.0},0.892504,0.865125,750
hau,750,42,svm,word_bigram,{'C': 1.0},0.899065,0.864003,750
hau,500,789,svm,word_unigram,{'C': 1.0},0.869793,0.857017,500
hau,500,1024,svm,char_3to5,{'C': 10.0},0.893405,0.861107,500
hau,750,1024,svm,word_unigram,{'C': 1.0},0.903099,0.861553,750
hau,250,123,svm,char_3to5,{'C': 10.0},0.85598,0.835931,250
hau,500,456,svm,char_3to5,{'C': 10.0},0.873535,0.875251,500
hau,250,789,svm,char_3to5,{'C': 10.0},0.846211,0.836379,250
hau,250,456,svm,char_3to5,{'C': 100.0},0.85326,0.853539,250
hau,250,1024,svm,word_unigram,{'C': 1.0},0.857699,0.83786,250
hau,250,42,svm,char_3to5,{'C': 10.0},0.87014,0.850713,250
hau,100,1024,svm,char_3to5,{'C': 100.0},0.782107,0.803856,100
hau,100,789,svm,char_3to5,{'C': 10.0},0.788204,0.782587,100
hau,100,123,svm,char_3to5,{'C': 10.0},0.845578,0.816174,100
hau,100,456,svm,char_3to5,{'C': 10.0},0.805017,0.81303,100
hau,100,42,svm,char_3to5,{'C': 1.0},0.834233,0.820404,100
hau,full,42,xgboost,char_3to5,{'n_estimators': 500},0.873675,0.865421,2219
hau,750,1024,xgboost,char_3to5,{'n_estimators': 200},0.80956,0.828951,750
hau,750,789,xgboost,char_3to5,{'n_estimators': 100},0.834012,0.823205,750
hau,750,42,xgboost,word_unigram,{'n_estimators': 500},0.834094,0.803287,750
hau,750,456,xgboost,char_3to5,{'n_estimators': 100},0.824327,0.817619,750
hau,750,123,xgboost,char_3to5,{'n_estimators': 100},0.840387,0.819055,750
hau,500,42,xgboost,char_3to5,{'n_estimators': 100},0.805172,0.7915,500
hau,500,1024,xgboost,char_3to5,{'n_estimators': 500},0.78501,0.801066,500
hau,500,123,xgboost,char_3to5,{'n_estimators': 300},0.809349,0.802285,500
hau,500,456,xgboost,char_3to5,{'n_estimators': 200},0.830199,0.804516,500
hau,500,789,xgboost,char_3to5,{'n_estimators': 100},0.816522,0.80368,500
hau,250,123,xgboost,char_3to5,{'n_estimators': 500},0.766342,0.749681,250
hau,250,1024,xgboost,char_3to5,{'n_estimators': 100},0.742483,0.747759,250
hau,250,789,xgboost,char_3to5,{'n_estimators': 100},0.748115,0.718471,250
hau,250,42,xgboost,char_3to5,{'n_estimators': 300},0.763884,0.734378,250
hau,250,456,xgboost,char_3to5,{'n_estimators': 100},0.746919,0.76451,250
hau,100,456,xgboost,char_3to5,{'n_estimators': 100},0.67684,0.651559,100
hau,100,1024,xgboost,char_3to5,{'n_estimators': 100},0.627641,0.628268,100
hau,100,123,xgboost,char_3to5,{'n_estimators': 300},0.653553,0.635413,100
hau,100,789,xgboost,char_3to5,{'n_estimators': 500},0.658746,0.649021,100
hau,100,42,xgboost,char_3to5,{'n_estimators': 200},0.632938,0.681102,100
