run_id,model,lang,n,seed,val_loss,val_f1_weighted,test_f1_weighted,train_seconds
scratch_lug_250_42,scratch,lug,250,42,0.9327996969223022,0.6491712152581718,0.6552323459426448,13.384731531143188
scratch_lug_100_42,scratch,lug,100,42,1.5747331380844116,0.471643865842895,0.46964019888741354,10.314190149307251
scratch_lug_100_123,scratch,lug,100,123,1.4711664915084839,0.41465777465777465,0.3743034095793399,9.815327405929565
scratch_lug_100_456,scratch,lug,100,456,1.3661088943481445,0.5748005129666571,0.5965318258588924,11.23589825630188
scratch_lug_100_789,scratch,lug,100,789,1.7875841856002808,0.041374373657838234,0.04034129573729302,7.811846971511841
scratch_lug_100_1024,scratch,lug,100,1024,1.4446535110473633,0.3580690627202255,0.3693419716076605,9.269363164901733
scratch_lug_250_123,scratch,lug,250,123,1.2487308979034424,0.2840909090909091,0.3481485410707655,11.323545217514038
scratch_lug_250_456,scratch,lug,250,456,0.960368275642395,0.6884055427088452,0.6506132093780803,13.023460388183594
scratch_lug_250_789,scratch,lug,250,789,1.1505162715911865,0.6567639743085323,0.6815897172037777,13.144294261932373
scratch_lug_250_1024,scratch,lug,250,1024,0.9916201233863831,0.6713434841021049,0.6930640534770267,12.938872575759888
scratch_lug_500_42,scratch,lug,500,42,1.1272166967391968,0.6251473565481991,0.6611359013800503,16.650176525115967
scratch_lug_500_123,scratch,lug,500,123,1.3728959560394287,0.5813178514113094,0.6108173785919995,16.44460129737854
scratch_lug_500_456,scratch,lug,500,456,0.8715487122535706,0.7569331243469174,0.7632904832747381,16.791368007659912
scratch_lug_500_789,scratch,lug,500,789,1.6327650547027588,0.5194221372026588,0.5347207464754967,17.09625482559204
scratch_lug_500_1024,scratch,lug,500,1024,1.3802049160003662,0.6083654558410576,0.6946343240347654,17.231876134872437
scratch_lug_750_42,scratch,lug,750,42,0.8806591629981995,0.7680331222914955,0.7825474958938082,23.067250728607178
scratch_lug_750_123,scratch,lug,750,123,0.9628024697303772,0.6401774412004592,0.6054043847229654,18.82932949066162
scratch_lug_750_456,scratch,lug,750,456,0.8612908124923706,0.6880188159793422,0.6824199741744001,20.74141764640808
scratch_lug_750_789,scratch,lug,750,789,1.222446322441101,0.7087514740555052,0.7374713358592756,22.127377033233643
scratch_lug_750_1024,scratch,lug,750,1024,1.0680036544799805,0.6438931393139313,0.6561082542594896,20.110605239868164
scratch_lug_full_42,scratch,lug,full,42,1.1290725469589233,0.4622739833266149,0.515038293224068,20.41593027114868
scratch_run_100_42,scratch,run,100,42,1.7320464849472046,0.6963123631266234,0.7053769131806935,14.140472412109375
scratch_run_100_123,scratch,run,100,123,1.3064533472061157,0.5209569069194009,0.4741574123385913,10.840780973434448
scratch_run_100_456,scratch,run,100,456,1.5244578123092651,0.31036866230174087,0.30459139143671365,9.844456911087036
scratch_run_100_789,scratch,run,100,789,1.6807066202163696,0.18411122144985106,0.15812396679462914,7.795228719711304
scratch_run_100_1024,scratch,run,100,1024,1.5458184480667114,0.4067448680351906,0.47986226336057447,10.496730327606201
scratch_run_250_42,scratch,run,250,42,1.169413685798645,0.5786428809678792,0.5449111605326424,13.558135986328125
scratch_run_250_123,scratch,run,250,123,1.0847225189208984,0.8143712461719163,0.7458981936891229,16.39235019683838
scratch_run_250_456,scratch,run,250,456,1.2305370569229126,0.6056295110453329,0.49311105528212346,13.66811490058899
scratch_run_250_789,scratch,run,250,789,1.2801055908203125,0.5475166094258191,0.5643320263034509,13.62046504020691
scratch_run_250_1024,scratch,run,250,1024,1.160753607749939,0.6948468198468198,0.7110708629830854,14.642344951629639
scratch_run_500_42,scratch,run,500,42,0.7720139026641846,0.7391580400276052,0.7134583842658377,18.373865604400635
scratch_run_500_123,scratch,run,500,123,0.9703474640846252,0.7915490651223632,0.7453062734685693,18.230243921279907
scratch_run_500_456,scratch,run,500,456,1.00761878490448,0.6652922017527476,0.6206913587243909,16.245518684387207
scratch_run_500_789,scratch,run,500,789,1.0951076745986938,0.7947244310073196,0.7380614068156858,20.72522258758545
scratch_run_500_1024,scratch,run,500,1024,0.9202947020530701,0.7132431634352067,0.70457663858733,17.605387210845947
scratch_run_750_42,scratch,run,750,42,1.0844635963439941,0.6196329480989039,0.6171462962607961,20.437246084213257
scratch_run_750_123,scratch,run,750,123,0.707283616065979,0.7915851767824766,0.7137478182536441,23.84000015258789
scratch_run_750_456,scratch,run,750,456,1.1008111238479614,0.6877519339353914,0.64647032834146,21.80566120147705
scratch_run_750_789,scratch,run,750,789,0.7323552966117859,0.7963539255992086,0.7682896682187798,24.211476802825928
scratch_run_750_1024,scratch,run,750,1024,0.7079835534095764,0.7590305571437648,0.7328940860671308,22.612146854400635
scratch_run_full_42,scratch,run,full,42,0.8446225523948669,0.6860020320623171,0.6442308309505899,26.53986620903015
scratch_sna_100_42,scratch,sna,100,42,1.3512272834777832,0.30042322741758676,0.29032973655896427,9.643616437911987
scratch_sna_100_123,scratch,sna,100,123,1.6259009838104248,0.5822175349849197,0.632964768652754,12.673903226852417
scratch_sna_100_456,scratch,sna,100,456,0.9240961670875549,0.5936402720080899,0.6250735994935875,11.559362649917603
scratch_sna_100_789,scratch,sna,100,789,1.1169153451919556,0.46313686313686314,0.49716239758239167,10.921162843704224
scratch_sna_100_1024,scratch,sna,100,1024,1.4777512550354004,0.7281333888018774,0.7131667750402881,14.2591552734375
scratch_sna_250_42,scratch,sna,250,42,0.5575194358825684,0.7843367664339531,0.8220746255179541,14.572659492492676
scratch_sna_250_123,scratch,sna,250,123,0.6560367345809937,0.8378518982858626,0.8602178356716078,15.382591724395752
scratch_sna_250_456,scratch,sna,250,456,0.6428370475769043,0.7709053011260959,0.8041950973875269,13.971715688705444
scratch_sna_250_789,scratch,sna,250,789,1.0860590934753418,0.4931286633535022,0.46160267366863444,13.910012245178223
scratch_sna_250_1024,scratch,sna,250,1024,0.5468395948410034,0.8067182154141899,0.7911000108894308,14.846350908279419
scratch_sna_500_42,scratch,sna,500,42,0.5860018134117126,0.7677916776772612,0.8049074104423787,17.343101739883423
scratch_sna_500_123,scratch,sna,500,123,0.9480620622634888,0.7393342654707542,0.7879421602105997,18.55875539779663
scratch_sna_500_456,scratch,sna,500,456,0.5486570000648499,0.8608825115230484,0.8548884623362766,19.256638765335083
scratch_sna_500_789,scratch,sna,500,789,0.9934167861938477,0.5228245089688748,0.5137509161224452,18.284034967422485
scratch_sna_500_1024,scratch,sna,500,1024,0.6205971240997314,0.7660587687025229,0.7868509558461275,18.227803945541382
scratch_sna_750_42,scratch,sna,750,42,0.6569987535476685,0.7286883785501804,0.7718966210937256,21.813450813293457
scratch_sna_750_123,scratch,sna,750,123,0.4845927059650421,0.8455623310013867,0.8383671261822587,22.804065942764282
scratch_sna_750_456,scratch,sna,750,456,0.555549144744873,0.7853623978976709,0.8213269860931386,23.38714337348938
scratch_sna_750_789,scratch,sna,750,789,0.6360793709754944,0.7611358239982262,0.7807521026878854,20.966676712036133
scratch_sna_750_1024,scratch,sna,750,1024,0.6254002451896667,0.7290453746425848,0.7487361420621192,21.67591094970703
scratch_sna_full_42,scratch,sna,full,42,0.6282781362533569,0.8599575519104811,0.8586814557516059,33.6190710067749
scratch_swa_100_42,scratch,swa,100,42,1.9334208965301514,0.4738742955006141,0.48778581097390583,14.165939807891846
scratch_swa_100_123,scratch,swa,100,123,2.3240294456481934,0.1058027507610785,0.08496898692118635,9.520752191543579
scratch_swa_100_456,scratch,swa,100,456,1.760457158088684,0.41224707497593355,0.4112493052173358,12.746328115463257
scratch_swa_100_789,scratch,swa,100,789,1.8620829582214355,0.17400143665151543,0.14686420791444707,11.630532503128052
scratch_swa_100_1024,scratch,swa,100,1024,2.280324935913086,0.12834541282242817,0.12446241953857679,11.76021957397461
scratch_swa_250_42,scratch,swa,250,42,1.4510670900344849,0.5383838305978874,0.5438508014904285,15.641927480697632
scratch_swa_250_123,scratch,swa,250,123,1.676842212677002,0.3189398127940249,0.307881597716749,14.368186473846436
scratch_swa_250_456,scratch,swa,250,456,1.4547476768493652,0.49586032162380195,0.4771729544378042,14.181823492050171
scratch_swa_250_789,scratch,swa,250,789,1.416853427886963,0.4563304200328748,0.4379051061183966,14.301757097244263
scratch_swa_250_1024,scratch,swa,250,1024,1.2253535985946655,0.6031911310060083,0.5600917366075893,15.329893589019775
scratch_swa_500_42,scratch,swa,500,42,1.4659634828567505,0.3706798965978361,0.41770046402399347,17.46393132209778
scratch_swa_500_123,scratch,swa,500,123,1.9033857583999634,0.6118710908444582,0.5868589134442658,19.976074934005737
scratch_swa_500_456,scratch,swa,500,456,1.3385218381881714,0.5021472499537065,0.47392888745150974,17.861832857131958
scratch_swa_500_789,scratch,swa,500,789,1.763460397720337,0.2388061288530634,0.21870623177442514,16.770963668823242
scratch_swa_500_1024,scratch,swa,500,1024,1.5139459371566772,0.606358658689363,0.586284962733534,18.948131799697876
scratch_swa_750_42,scratch,swa,750,42,1.1494884490966797,0.6128818453800812,0.5937096269826445,23.539400577545166
scratch_swa_750_123,scratch,swa,750,123,1.4457874298095703,0.5230452794066515,0.4942145680491353,22.58986234664917
scratch_swa_750_456,scratch,swa,750,456,1.2807832956314087,0.5640326894431744,0.5227123530812624,22.938111543655396
scratch_swa_750_789,scratch,swa,750,789,1.1236217021942139,0.6149301023870621,0.6002513243070426,23.002696752548218
scratch_swa_750_1024,scratch,swa,750,1024,1.2057656049728394,0.5764574697262531,0.5680226237955439,22.563987493515015
scratch_swa_full_42,scratch,swa,full,42,1.0004024505615234,0.6770783900288029,0.6845793409166382,36.08328080177307
scratch_yor_250_42,scratch,yor,250,42,3.92436146736145,0.7863823907726388,0.7311483872813537,14.562607049942017
scratch_lug_full_123,scratch,lug,full,123,1.7910614013671875,0.8613705884758518,0.8365555005640792,15.4962317943573
scratch_lug_full_456,scratch,lug,full,456,2.72238826751709,0.8627494164821354,0.828559328700944,17.544690132141113
scratch_lug_full_789,scratch,lug,full,789,2.2936818599700928,0.8524230529208342,0.8254158837126893,19.08717966079712
scratch_lug_full_1024,scratch,lug,full,1024,1.9879209995269775,0.8429011785022363,0.8054153454096052,13.446492910385132
scratch_run_full_123,scratch,run,full,123,2.8877980709075928,0.8566507943499724,0.8263259140446011,20.600462198257446
scratch_run_full_456,scratch,run,full,456,2.7339117527008057,0.8797205752010491,0.8357438533326064,29.60259509086609
scratch_run_full_789,scratch,run,full,789,2.3715808391571045,0.8708857152047921,0.8097136985113522,24.15721869468689
scratch_run_full_1024,scratch,run,full,1024,1.9278595447540283,0.8694672146439686,0.8143437786316251,18.75732660293579
scratch_sna_full_123,scratch,sna,full,123,1.6771239042282104,0.9136951827249685,0.9050082778555798,24.628252744674683
scratch_sna_full_456,scratch,sna,full,456,2.327446937561035,0.9138800624815354,0.8638301887600173,30.576086044311523
scratch_sna_full_789,scratch,sna,full,789,1.7109408378601074,0.9026329141619811,0.883644966500715,27.76932978630066
scratch_sna_full_1024,scratch,sna,full,1024,2.11954402923584,0.8924120346761857,0.8836756754904082,23.26685404777527
scratch_swa_full_123,scratch,swa,full,123,3.7621684074401855,0.8070742961482468,0.7665844596667503,40.946329832077026
scratch_swa_full_456,scratch,swa,full,456,1.7401238679885864,0.7435848868005623,0.75164059245721,20.228769063949585
scratch_swa_full_789,scratch,swa,full,789,4.138465881347656,0.7883554947489197,0.7401556473621101,39.08904266357422
scratch_swa_full_1024,scratch,swa,full,1024,2.348569869995117,0.7480933935269656,0.7413122496031048,20.92351746559143
scratch_yor_100_42,scratch,yor,100,42,2.890810251235962,0.680785147635822,0.677121131889223,5.894287586212158
scratch_yor_100_123,scratch,yor,100,123,3.899656057357788,0.7313206224426831,0.7453346478262506,10.12882685661316
scratch_yor_100_456,scratch,yor,100,456,4.368716239929199,0.6853790276957334,0.623974416539346,9.404138803482056
scratch_yor_100_789,scratch,yor,100,789,3.339139223098755,0.7520662598549861,0.678536093404951,9.004456043243408
scratch_yor_100_1024,scratch,yor,100,1024,3.980574131011963,0.7152413525069493,0.6699003815724432,7.019410133361816
scratch_yor_250_123,scratch,yor,250,123,3.7971622943878174,0.814253241299549,0.7751763943193816,14.51719856262207
scratch_yor_250_456,scratch,yor,250,456,3.3328652381896973,0.7618198587955,0.7379154495967092,11.291274785995483
scratch_yor_250_789,scratch,yor,250,789,2.0637760162353516,0.7843963733984263,0.7466742847683238,7.641361713409424
scratch_yor_250_1024,scratch,yor,250,1024,2.943150520324707,0.8001618277290481,0.7549787182401442,8.691069841384888
scratch_yor_500_42,scratch,yor,500,42,2.312680721282959,0.8686123589752618,0.831788221588864,15.716464042663574
scratch_yor_500_123,scratch,yor,500,123,3.8262839317321777,0.8442225632759613,0.8258904173158045,17.584379196166992
scratch_yor_500_456,scratch,yor,500,456,3.4391520023345947,0.8158366219142726,0.7571815412616717,12.324918985366821
scratch_yor_500_789,scratch,yor,500,789,2.8382761478424072,0.8269095799844097,0.7509027600408207,12.319495916366577
scratch_yor_500_1024,scratch,yor,500,1024,2.1539809703826904,0.8371817673288262,0.7656307179244446,11.358932256698608
scratch_yor_750_42,scratch,yor,750,42,2.165785074234009,0.8752236689355964,0.8626779480120553,17.121558666229248
scratch_yor_750_123,scratch,yor,750,123,2.40588641166687,0.8776864060104184,0.843610592682219,22.157125234603882
scratch_yor_750_456,scratch,yor,750,456,2.5528547763824463,0.8734073755057521,0.8299749672157635,21.570878505706787
scratch_yor_750_789,scratch,yor,750,789,1.6135339736938477,0.8404244327701279,0.7916899530543199,15.18031120300293
scratch_yor_750_1024,scratch,yor,750,1024,1.9065757989883423,0.8421541544648792,0.7979278672071819,12.370294570922852
scratch_yor_full_42,scratch,yor,full,42,2.5914206504821777,0.8831238879782569,0.8372423131032735,40.0482223033905
scratch_yor_full_123,scratch,yor,full,123,2.9699180126190186,0.8703790474618084,0.8465752680113567,30.359498977661133
scratch_yor_full_456,scratch,yor,full,456,2.7028565406799316,0.8686725577637309,0.8512165321148193,27.001012086868286
scratch_yor_full_789,scratch,yor,full,789,2.6864125728607178,0.8680709458007222,0.8681783852021667,30.09612274169922
scratch_yor_full_1024,scratch,yor,full,1024,1.7864879369735718,0.8930781854164787,0.8612807621185624,31.908108949661255
scratch_ibo_100_42,scratch,ibo,100,42,4.172579288482666,0.6255064533969662,0.5518683561431651,10.503479719161987
scratch_ibo_100_123,scratch,ibo,100,123,4.754230499267578,0.5879166050415267,0.5240583578931525,6.7697155475616455
scratch_ibo_100_456,scratch,ibo,100,456,3.9830925464630127,0.5853348943262132,0.5538032750869692,6.81250262260437
scratch_ibo_100_789,scratch,ibo,100,789,3.51064395904541,0.6237466646789075,0.5622332467670922,6.501408100128174
scratch_ibo_100_1024,scratch,ibo,100,1024,4.688608646392822,0.5667599314518136,0.5654812472546201,7.340540409088135
scratch_ibo_250_42,scratch,ibo,250,42,3.79616117477417,0.6710040452233272,0.6498866070217437,9.602325201034546
scratch_ibo_250_123,scratch,ibo,250,123,4.346568584442139,0.6787418405432513,0.6314342328399634,13.7957763671875
scratch_ibo_250_456,scratch,ibo,250,456,3.0721523761749268,0.7011272735245437,0.6646512944536397,8.915622234344482
scratch_ibo_250_789,scratch,ibo,250,789,1.1998028755187988,0.6844308142218835,0.6504376737998123,6.1996989250183105
scratch_ibo_250_1024,scratch,ibo,250,1024,3.6936323642730713,0.7217068608532623,0.7201326570984725,10.777668952941895
scratch_ibo_500_42,scratch,ibo,500,42,4.406389236450195,0.7397955831494071,0.7139724818911206,12.980021238327026
scratch_ibo_500_123,scratch,ibo,500,123,3.928225517272949,0.7756388172215188,0.7016616414515614,15.509503364562988
scratch_ibo_500_456,scratch,ibo,500,456,4.3560590744018555,0.763395960829847,0.7193220781253518,17.41753888130188
scratch_ibo_500_789,scratch,ibo,500,789,3.451292037963867,0.7623959943013024,0.715977218130191,12.710694313049316
scratch_ibo_500_1024,scratch,ibo,500,1024,3.9752583503723145,0.7837662728321569,0.7135039421689781,20.268707752227783
scratch_ibo_750_42,scratch,ibo,750,42,3.244096040725708,0.7411878295108801,0.7187860503722863,12.485568284988403
scratch_ibo_750_123,scratch,ibo,750,123,3.5058512687683105,0.7794210675642961,0.7391853664601906,25.57949423789978
scratch_ibo_750_456,scratch,ibo,750,456,4.336519718170166,0.7744090930957304,0.7768554447904746,21.527241468429565
scratch_ibo_750_789,scratch,ibo,750,789,3.6811909675598145,0.809012159949136,0.7355116810965404,16.739365100860596
scratch_ibo_750_1024,scratch,ibo,750,1024,4.135983943939209,0.8001064318210276,0.7223915581947256,17.715217113494873
scratch_ibo_full_42,scratch,ibo,full,42,3.2961409091949463,0.8166987500532432,0.8041690429143659,35.83265948295593
scratch_ibo_full_123,scratch,ibo,full,123,4.108925819396973,0.8273680720240221,0.7729691564753866,37.711899280548096
scratch_ibo_full_456,scratch,ibo,full,456,4.137220859527588,0.7982493565356947,0.806304610759788,31.101773023605347
scratch_ibo_full_789,scratch,ibo,full,789,3.4343323707580566,0.815569313080794,0.787109470084166,35.07271456718445
scratch_ibo_full_1024,scratch,ibo,full,1024,1.6496773958206177,0.7984878542572621,0.7759188837911839,16.23840856552124
scratch_hau_100_42,scratch,hau,100,42,4.884634971618652,0.6214229155635022,0.5858701628287427,10.874032020568848
scratch_hau_100_123,scratch,hau,100,123,3.344088077545166,0.5978198611384752,0.5989411699755715,11.635560750961304
scratch_hau_100_456,scratch,hau,100,456,2.9370827674865723,0.6415462439339338,0.6079355640905165,8.685673952102661
scratch_hau_100_789,scratch,hau,100,789,5.064150810241699,0.5642120251847587,0.5329611136296619,11.280190229415894
scratch_hau_100_1024,scratch,hau,100,1024,6.283083438873291,0.5563263271201289,0.49672077592892755,10.715290784835815
scratch_hau_250_42,scratch,hau,250,42,2.695019483566284,0.737053011725416,0.690685252695717,16.271554231643677
scratch_hau_250_123,scratch,hau,250,123,1.865548014640808,0.6989156193577208,0.6614469263041279,7.699842929840088
scratch_hau_250_456,scratch,hau,250,456,3.393878936767578,0.7375981011688566,0.707977666689428,15.13443660736084
scratch_hau_250_789,scratch,hau,250,789,3.1943445205688477,0.7147537820700338,0.6766721997871995,16.673993349075317
scratch_hau_250_1024,scratch,hau,250,1024,3.706777572631836,0.7131183554051784,0.651640070492321,13.282695293426514
scratch_hau_500_42,scratch,hau,500,42,2.7725985050201416,0.7939589914221293,0.74777174573344,14.140888214111328
scratch_hau_500_123,scratch,hau,500,123,3.049349308013916,0.8088515321093618,0.7561196006595405,18.350147485733032
scratch_hau_500_456,scratch,hau,500,456,3.3183600902557373,0.7794084800966375,0.7835279214845021,20.36038303375244
scratch_hau_500_789,scratch,hau,500,789,1.5637332201004028,0.7866418694712035,0.7079486559612953,10.120012998580933
scratch_hau_500_1024,scratch,hau,500,1024,1.645007610321045,0.7714055545311105,0.7550326120583969,10.507837057113647
scratch_hau_750_42,scratch,hau,750,42,2.889723062515259,0.8296009292328761,0.7449963698551515,17.096172332763672
scratch_hau_750_123,scratch,hau,750,123,1.2330142259597778,0.8000063454002805,0.7362008111865241,10.973570108413696
scratch_hau_750_456,scratch,hau,750,456,0.8724151253700256,0.7847140472004414,0.7690156293805401,10.502601623535156
scratch_hau_750_789,scratch,hau,750,789,2.4983792304992676,0.8130284391353321,0.768008539090109,18.07203507423401
scratch_hau_750_1024,scratch,hau,750,1024,2.956207275390625,0.8308409168480642,0.7984011899535897,24.60554313659668
scratch_hau_full_42,scratch,hau,full,42,2.1121461391448975,0.8837619044358759,0.8170509186957515,41.91904950141907
scratch_hau_full_123,scratch,hau,full,123,1.3634083271026611,0.8661564776972781,0.8129148027428458,25.518683195114136
scratch_hau_full_456,scratch,hau,full,456,2.314436912536621,0.879302536234123,0.8486096807434785,42.70231103897095
scratch_hau_full_789,scratch,hau,full,789,2.130328416824341,0.859732808731757,0.8107546892396802,30.87153673171997
scratch_hau_full_1024,scratch,hau,full,1024,2.2870888710021973,0.8665465555796545,0.8175108966963031,34.439337968826294
scratch_amh_100_42,scratch,amh,100,42,0.8283464312553406,0.7052842710685517,0.6964976822047532,5.1338653564453125
scratch_amh_100_123,scratch,amh,100,123,2.176755428314209,0.7274928577594395,0.7584940137391786,7.207479238510132
scratch_amh_100_456,scratch,amh,100,456,2.5017266273498535,0.7296062291428888,0.7048725436869782,8.248145341873169
scratch_amh_100_789,scratch,amh,100,789,6.355955600738525,0.6849206415603759,0.6541341105591447,9.725380420684814
scratch_amh_100_1024,scratch,amh,100,1024,1.901995062828064,0.7020151857879063,0.7012401504611574,6.053430557250977
scratch_amh_250_42,scratch,amh,250,42,1.6335656642913818,0.8313465318109852,0.8250378516508613,9.875849962234497
scratch_amh_250_123,scratch,amh,250,123,1.3284167051315308,0.8508993200263215,0.7952633640936807,7.353024244308472
scratch_amh_250_456,scratch,amh,250,456,2.407790184020996,0.8493316671508161,0.832084237801207,10.275166988372803
scratch_amh_250_789,scratch,amh,250,789,1.012013554573059,0.7897706189332506,0.7662336796028255,6.466761350631714
scratch_amh_250_1024,scratch,amh,250,1024,3.5803067684173584,0.8061206981076576,0.8026972046662284,11.493915557861328
scratch_amh_500_42,scratch,amh,500,42,2.3930842876434326,0.8238961362141654,0.8167943941854738,11.475339412689209
scratch_amh_500_123,scratch,amh,500,123,1.8752275705337524,0.8522547847199311,0.82201800177798,11.211832284927368
scratch_amh_500_456,scratch,amh,500,456,3.0499937534332275,0.8521327190786002,0.8622235136683075,17.65014672279358
scratch_amh_500_789,scratch,amh,500,789,2.1555070877075195,0.8458132677199999,0.8003091709177109,12.976007223129272
scratch_amh_500_1024,scratch,amh,500,1024,1.5103601217269897,0.863522851073779,0.8682322241458661,11.299152612686157
scratch_amh_750_42,scratch,amh,750,42,2.6475868225097656,0.8639765437384307,0.8615518852980859,16.361382246017456
scratch_amh_750_123,scratch,amh,750,123,0.901864230632782,0.8884910999498606,0.84373709015581,15.00332260131836
scratch_amh_750_456,scratch,amh,750,456,1.505445122718811,0.8769864660907783,0.8480870398966779,13.042883396148682
scratch_amh_750_789,scratch,amh,750,789,2.1661384105682373,0.8744600428991167,0.8351840592303789,15.674639463424683
scratch_amh_750_1024,scratch,amh,750,1024,1.8745601177215576,0.8572759995615644,0.8624248558216349,13.225853443145752
scratch_amh_full_42,scratch,amh,full,42,0.593763530254364,0.900328612133691,0.8779601710503332,15.716696500778198
scratch_amh_full_123,scratch,amh,full,123,1.440199375152588,0.9096891981184034,0.8883636849555528,29.133846282958984
scratch_amh_full_456,scratch,amh,full,456,1.7294389009475708,0.8839816350363096,0.8942190168648693,27.138887643814087
scratch_amh_full_789,scratch,amh,full,789,1.3319344520568848,0.9037381092811881,0.8987065182063724,32.335638999938965
scratch_amh_full_1024,scratch,amh,full,1024,1.0615113973617554,0.9098876297033315,0.8915524432203424,35.08924961090088
scratch_orm_100_42,scratch,orm,100,42,5.390200138092041,0.6784026825179089,0.6597984545399094,7.13506817817688
scratch_orm_100_123,scratch,orm,100,123,3.8186302185058594,0.6460032288551629,0.6045667668092132,7.061519145965576
scratch_orm_100_456,scratch,orm,100,456,3.415208578109741,0.7341302562922593,0.6822701065550381,7.827423572540283
scratch_orm_100_789,scratch,orm,100,789,4.632587432861328,0.7104862909524396,0.6544575962049495,7.691926717758179
scratch_orm_100_1024,scratch,orm,100,1024,3.3804969787597656,0.6714697302458977,0.6411606561356024,6.272244453430176
scratch_orm_250_42,scratch,orm,250,42,2.861124038696289,0.7678574616415633,0.7575913841015139,7.932536602020264
scratch_orm_250_123,scratch,orm,250,123,3.0569167137145996,0.7846151167000106,0.7674502104916591,10.255431652069092
scratch_orm_250_456,scratch,orm,250,456,3.2020437717437744,0.7693771647835267,0.7530469011442901,9.807670593261719
scratch_orm_250_789,scratch,orm,250,789,3.01171612739563,0.8051026013444315,0.766755812826369,9.290019750595093
scratch_orm_250_1024,scratch,orm,250,1024,2.713024854660034,0.7684397507736478,0.781873827337448,7.995361566543579
scratch_orm_500_42,scratch,orm,500,42,4.258260726928711,0.8053475780167989,0.7668759560594394,19.24674892425537
scratch_orm_500_123,scratch,orm,500,123,3.298421859741211,0.8240144990610047,0.7443215502215158,17.444075107574463
scratch_orm_500_456,scratch,orm,500,456,3.5033907890319824,0.8159818986790361,0.7781180011006694,13.617147207260132
scratch_orm_500_789,scratch,orm,500,789,3.152833938598633,0.87926837563836,0.7876351568569072,19.175501346588135
scratch_orm_500_1024,scratch,orm,500,1024,1.69082510471344,0.7900704546274165,0.7690301624017171,9.633270740509033
scratch_orm_750_42,scratch,orm,750,42,2.9204795360565186,0.8439842663694006,0.8357374642014468,20.744245052337646
scratch_orm_750_123,scratch,orm,750,123,1.7274370193481445,0.8175493916234656,0.7767057114728856,12.151165008544922
scratch_orm_750_456,scratch,orm,750,456,2.190378189086914,0.8276049486912659,0.7964636941665486,12.805626630783081
scratch_orm_750_789,scratch,orm,750,789,0.8666486144065857,0.8500891127922849,0.7661099815003753,10.01422381401062
scratch_orm_750_1024,scratch,orm,750,1024,1.995959997177124,0.8345205115444743,0.7945650384919809,11.458930492401123
scratch_orm_full_42,scratch,orm,full,42,1.871161699295044,0.8819639021081787,0.8332002904015795,33.32261919975281
scratch_orm_full_123,scratch,orm,full,123,1.3128470182418823,0.8916357819923733,0.8265200591325568,21.71737241744995
scratch_orm_full_456,scratch,orm,full,456,1.2346305847167969,0.8375602000457683,0.8171417016883336,15.12124252319336
scratch_orm_full_789,scratch,orm,full,789,1.9048597812652588,0.8645907688648743,0.8274084939450794,18.84173059463501
scratch_orm_full_1024,scratch,orm,full,1024,2.369138240814209,0.8652217764536606,0.8405191968881185,22.978904962539673
scratch_pcm_100_42,scratch,pcm,100,42,2.1118602752685547,0.7990150448959243,0.7982690076715669,5.870181322097778
scratch_pcm_100_123,scratch,pcm,100,123,1.1154996156692505,0.7826511644588137,0.77411854838673,5.184778928756714
scratch_pcm_100_456,scratch,pcm,100,456,4.505705833435059,0.7393279646889035,0.723866507358704,6.8695313930511475
scratch_pcm_100_789,scratch,pcm,100,789,3.1452577114105225,0.7242035253421617,0.7707795476454772,7.842751502990723
scratch_pcm_100_1024,scratch,pcm,100,1024,2.075382947921753,0.7429766333550042,0.7547335594630801,6.356901407241821
scratch_pcm_250_42,scratch,pcm,250,42,2.1130902767181396,0.8227006566628307,0.8915498137043806,8.521084308624268
scratch_pcm_250_123,scratch,pcm,250,123,0.9009210467338562,0.885085481866039,0.8642281010810555,7.368652582168579
scratch_pcm_250_456,scratch,pcm,250,456,2.099872589111328,0.8605738428681031,0.873340672213623,9.124285697937012
scratch_pcm_250_789,scratch,pcm,250,789,2.4056878089904785,0.8241200242024568,0.8414531738098189,11.330903053283691
scratch_pcm_250_1024,scratch,pcm,250,1024,1.4938850402832031,0.8869885274684037,0.8776570125282405,11.551164150238037
scratch_pcm_500_42,scratch,pcm,500,42,2.6911983489990234,0.87340189412456,0.8769235279743147,15.598402500152588
scratch_pcm_500_123,scratch,pcm,500,123,1.8053287267684937,0.8685779594366853,0.8892541574449908,11.145623922348022
scratch_pcm_500_456,scratch,pcm,500,456,3.1653904914855957,0.8680943024983273,0.8983522568428867,13.668017864227295
scratch_pcm_500_789,scratch,pcm,500,789,2.7200469970703125,0.8725467393230552,0.8750761593839731,14.001284837722778
scratch_pcm_500_1024,scratch,pcm,500,1024,1.8202811479568481,0.8782877629918222,0.9111428221716519,12.378397941589355
scratch_pcm_750_42,scratch,pcm,750,42,2.7258613109588623,0.8715392794340164,0.8910367239337811,16.45871591567993
scratch_pcm_750_123,scratch,pcm,750,123,3.0937633514404297,0.8899825409559765,0.894069820889493,16.858481407165527
scratch_pcm_750_456,scratch,pcm,750,456,2.296809434890747,0.8748449607557303,0.88540172998785,12.180211067199707
scratch_pcm_750_789,scratch,pcm,750,789,1.436787724494934,0.8802084609400587,0.8943095375603805,12.643625020980835
scratch_pcm_750_1024,scratch,pcm,750,1024,1.6900643110275269,0.8719006435434166,0.9334108957133915,13.853140830993652
scratch_pcm_full_42,scratch,pcm,full,42,2.064789056777954,0.9101485822291742,0.9045925751154218,25.24056077003479
scratch_pcm_full_123,scratch,pcm,full,123,2.056739091873169,0.9052353161708759,0.9142714028685898,19.113457441329956
scratch_pcm_full_456,scratch,pcm,full,456,2.0252747535705566,0.9082042535295269,0.9511151303630772,22.037384510040283
scratch_pcm_full_789,scratch,pcm,full,789,2.7324507236480713,0.9100577100646351,0.9298128356280411,25.97299361228943
scratch_pcm_full_1024,scratch,pcm,full,1024,2.246089458465576,0.908202208497949,0.9068021020758955,24.433039665222168
